sleep_date,HKCategoryValueSleepAnalysisAsleepCore,HKCategoryValueSleepAnalysisAsleepDeep,HKCategoryValueSleepAnalysisAsleepREM,HKCategoryValueSleepAnalysisAsleepUnspecified,HKCategoryValueSleepAnalysisAwake,HKCategoryValueSleepAnalysisInBed,total_sleep,total_sleep_minutes
2020-12-06,0.0,0.0,0.0,0.0,0.0,8.175277777777778,0.0,0.0
2020-12-07,0.0,0.0,0.0,0.0,0.0,8.592222222222222,0.0,0.0
2020-12-08,0.0,0.0,0.0,0.0,0.0,8.583333333333334,0.0,0.0
2020-12-09,0.0,0.0,0.0,0.0,0.0,0.5297222222222222,0.0,0.0
2020-12-10,0.0,0.0,0.0,0.0,0.0,8.359722222222222,0.0,0.0
2020-12-11,0.0,0.0,0.0,0.0,0.0,7.859166666666667,0.0,0.0
2020-12-12,0.0,0.0,0.0,0.0,0.0,8.595277777777778,0.0,0.0
2020-12-13,0.0,0.0,0.0,0.0,0.0,8.533055555555556,0.0,0.0
2020-12-14,0.0,0.0,0.0,0.0,0.0,8.419444444444444,0.0,0.0
2020-12-15,0.0,0.0,0.0,0.0,0.0,8.59361111111111,0.0,0.0
2020-12-16,0.0,0.0,0.0,0.0,0.0,1.7691666666666668,0.0,0.0
2020-12-17,0.0,0.0,0.0,0.0,0.0,8.621944444444445,0.0,0.0
2020-12-18,0.0,0.0,0.0,0.0,0.0,8.374722222222223,0.0,0.0
2020-12-19,0.0,0.0,0.0,0.0,0.0,8.223055555555556,0.0,0.0
2020-12-20,0.0,0.0,0.0,0.0,0.0,8.585555555555555,0.0,0.0
2020-12-21,0.0,0.0,0.0,0.0,0.0,8.2975,0.0,0.0
2020-12-22,0.0,0.0,0.0,0.0,0.0,8.5875,0.0,0.0
2020-12-23,0.0,0.0,0.0,0.0,0.0,8.589722222222223,0.0,0.0
2020-12-24,0.0,0.0,0.0,0.0,0.0,7.753055555555555,0.0,0.0
2020-12-25,0.0,0.0,0.0,0.0,0.0,8.585,0.0,0.0
2020-12-26,0.0,0.0,0.0,0.0,0.0,8.1675,0.0,0.0
2020-12-27,0.0,0.0,0.0,0.0,0.0,7.838611111111111,0.0,0.0
2020-12-28,0.0,0.0,0.0,0.0,0.0,8.052777777777777,0.0,0.0
2020-12-29,0.0,0.0,0.0,0.0,0.0,7.949444444444444,0.0,0.0
2020-12-30,0.0,0.0,0.0,0.0,0.0,8.0,0.0,0.0
2020-12-31,0.0,0.0,0.0,0.0,0.0,7.479722222222223,0.0,0.0
2021-01-01,0.0,0.0,0.0,0.0,0.0,8.418055555555556,0.0,0.0
2021-01-02,0.0,0.0,0.0,0.0,0.0,1.6816666666666666,0.0,0.0
2021-01-03,0.0,0.0,0.0,0.0,0.0,1.555,0.0,0.0
2021-01-04,0.0,0.0,0.0,0.0,0.0,8.577222222222222,0.0,0.0
2021-01-05,0.0,0.0,0.0,0.0,0.0,8.02111111111111,0.0,0.0
2021-01-06,0.0,0.0,0.0,0.0,0.0,8.419722222222223,0.0,0.0
2021-01-07,0.0,0.0,0.0,0.0,0.0,1.9133333333333333,0.0,0.0
2021-01-08,0.0,0.0,0.0,0.0,0.0,8.416666666666666,0.0,0.0
2021-01-09,0.0,0.0,0.0,0.0,0.0,8.42,0.0,0.0
2021-01-10,0.0,0.0,0.0,0.0,0.0,8.418611111111112,0.0,0.0
2021-01-11,0.0,0.0,0.0,0.0,0.0,7.962777777777778,0.0,0.0
2021-01-12,0.0,0.0,0.0,0.0,0.0,8.419444444444444,0.0,0.0
2021-01-13,0.0,0.0,0.0,0.0,0.0,6.587777777777778,0.0,0.0
2021-01-14,0.0,0.0,0.0,0.0,0.0,8.24,0.0,0.0
2021-01-15,0.0,0.0,0.0,0.0,0.0,8.424722222222222,0.0,0.0
2021-01-16,0.0,0.0,0.0,0.0,0.0,8.2175,0.0,0.0
2021-01-17,0.0,0.0,0.0,0.0,0.0,8.416944444444445,0.0,0.0
2021-01-18,0.0,0.0,0.0,0.0,0.0,8.417222222222222,0.0,0.0
2021-01-19,0.0,0.0,0.0,0.0,0.0,8.419722222222223,0.0,0.0
2021-01-20,0.0,0.0,0.0,0.0,0.0,8.42361111111111,0.0,0.0
2021-01-21,0.0,0.0,0.0,0.0,0.0,8.425,0.0,0.0
2021-01-22,0.0,0.0,0.0,0.0,0.0,8.370555555555557,0.0,0.0
2021-01-23,0.0,0.0,0.0,0.0,0.0,8.416666666666666,0.0,0.0
2021-01-24,0.0,0.0,0.0,0.0,0.0,8.4175,0.0,0.0
2021-01-25,0.0,0.0,0.0,0.0,0.0,7.723333333333333,0.0,0.0
2021-01-26,0.0,0.0,0.0,0.0,0.0,8.366666666666667,0.0,0.0
2021-01-27,0.0,0.0,0.0,0.0,0.0,8.419722222222223,0.0,0.0
2021-01-28,0.0,0.0,0.0,0.0,0.0,7.842777777777778,0.0,0.0
2021-01-29,0.0,0.0,0.0,0.0,0.0,8.4175,0.0,0.0
2021-01-30,0.0,0.0,0.0,0.0,0.0,8.418611111111112,0.0,0.0
2021-01-31,0.0,0.0,0.0,0.0,0.0,8.425833333333333,0.0,0.0
2021-02-01,0.0,0.0,0.0,0.0,0.0,8.419166666666667,0.0,0.0
2021-02-02,0.0,0.0,0.0,0.0,0.0,7.205277777777778,0.0,0.0
2021-02-03,0.0,0.0,0.0,0.0,0.0,8.124166666666667,0.0,0.0
2021-02-04,0.0,0.0,0.0,0.0,0.0,8.416944444444445,0.0,0.0
2021-02-05,0.0,0.0,0.0,0.0,0.0,8.417777777777777,0.0,0.0
2021-02-06,0.0,0.0,0.0,0.0,0.0,8.425277777777778,0.0,0.0
2021-02-07,0.0,0.0,0.0,0.0,0.0,1.8027777777777778,0.0,0.0
2021-02-08,0.0,0.0,0.0,0.0,0.0,0.21055555555555555,0.0,0.0
2021-02-09,0.0,0.0,0.0,0.0,0.0,8.402222222222223,0.0,0.0
2021-02-10,0.0,0.0,0.0,0.0,0.0,8.419722222222223,0.0,0.0
2021-02-11,0.0,0.0,0.0,0.0,0.0,8.326944444444445,0.0,0.0
2021-02-12,0.0,0.0,0.0,0.0,0.0,8.416944444444445,0.0,0.0
2021-02-13,0.0,0.0,0.0,0.0,0.0,8.428888888888888,0.0,0.0
2021-02-14,0.0,0.0,0.0,0.0,0.0,8.421388888888888,0.0,0.0
2021-02-15,0.0,0.0,0.0,0.0,0.0,8.419166666666667,0.0,0.0
2021-02-16,0.0,0.0,0.0,0.0,0.0,0.3086111111111111,0.0,0.0
2021-02-17,0.0,0.0,0.0,0.0,0.0,8.4475,0.0,0.0
2021-02-18,0.0,0.0,0.0,0.0,0.0,1.1683333333333332,0.0,0.0
2021-02-19,0.0,0.0,0.0,0.0,0.0,8.421944444444444,0.0,0.0
2021-02-20,0.0,0.0,0.0,0.0,0.0,8.421388888888888,0.0,0.0
2021-02-21,0.0,0.0,0.0,0.0,0.0,8.421388888888888,0.0,0.0
2021-02-22,0.0,0.0,0.0,0.0,0.0,0.2911111111111111,0.0,0.0
2021-02-23,0.0,0.0,0.0,0.0,0.0,8.422222222222222,0.0,0.0
2021-02-24,0.0,0.0,0.0,0.0,0.0,0.19916666666666666,0.0,0.0
2021-02-25,0.0,0.0,0.0,0.0,0.0,8.266944444444444,0.0,0.0
2021-02-26,0.0,0.0,0.0,0.0,0.0,8.345833333333333,0.0,0.0
2021-02-27,0.0,0.0,0.0,0.0,0.0,8.363055555555555,0.0,0.0
2021-02-28,0.0,0.0,0.0,0.0,0.0,8.523888888888889,0.0,0.0
2021-03-01,0.0,0.0,0.0,0.0,0.0,8.259166666666667,0.0,0.0
2021-03-02,0.0,0.0,0.0,0.0,0.0,8.29,0.0,0.0
2021-03-03,0.0,0.0,0.0,0.0,0.0,0.16055555555555556,0.0,0.0
2021-03-04,0.0,0.0,0.0,0.0,0.0,8.255277777777778,0.0,0.0
2021-03-05,0.0,0.0,0.0,0.0,0.0,8.365555555555556,0.0,0.0
2021-03-06,0.0,0.0,0.0,0.0,0.0,8.297500000000001,0.0,0.0
2021-03-07,0.0,0.0,0.0,0.0,0.0,0.5586111111111111,0.0,0.0
2021-03-08,0.0,0.0,0.0,0.0,0.0,8.332777777777778,0.0,0.0
2021-03-09,0.0,0.0,0.0,0.0,0.0,7.858888888888889,0.0,0.0
2021-03-10,0.0,0.0,0.0,0.0,0.0,8.276111111111112,0.0,0.0
2021-03-11,0.0,0.0,0.0,0.0,0.0,8.418333333333333,0.0,0.0
2021-03-12,0.0,0.0,0.0,0.0,0.0,8.42,0.0,0.0
2021-03-13,0.0,0.0,0.0,0.0,0.0,7.4191666666666665,0.0,0.0
2021-03-14,0.0,0.0,0.0,0.0,0.0,8.422222222222222,0.0,0.0
2021-03-15,0.0,0.0,0.0,0.0,0.0,8.42,0.0,0.0
2021-03-16,0.0,0.0,0.0,0.0,0.0,8.426111111111112,0.0,0.0
2021-03-17,0.0,0.0,0.0,0.0,0.0,5.920833333333333,0.0,0.0
2021-03-18,0.0,0.0,0.0,0.0,0.0,8.422777777777778,0.0,0.0
2021-03-19,0.0,0.0,0.0,0.0,0.0,8.365277777777777,0.0,0.0
2021-03-20,0.0,0.0,0.0,0.0,0.0,8.420555555555556,0.0,0.0
2021-03-21,0.0,0.0,0.0,0.0,0.0,8.085555555555555,0.0,0.0
2021-03-22,0.0,0.0,0.0,0.0,0.0,8.419166666666667,0.0,0.0
2021-03-23,0.0,0.0,0.0,0.0,0.0,8.180833333333332,0.0,0.0
2021-03-24,0.0,0.0,0.0,0.0,0.0,8.416666666666666,0.0,0.0
2021-03-25,0.0,0.0,0.0,0.0,0.0,8.320555555555556,0.0,0.0
2021-03-26,0.0,0.0,0.0,0.0,0.0,8.43,0.0,0.0
2021-03-27,0.0,0.0,0.0,0.0,0.0,8.231666666666667,0.0,0.0
2021-03-28,0.0,0.0,0.0,0.0,0.0,0.024166666666666666,0.0,0.0
2021-03-29,0.0,0.0,0.0,0.0,0.0,8.158055555555556,0.0,0.0
2021-03-30,0.0,0.0,0.0,0.0,0.0,9.139444444444445,0.0,0.0
2021-03-31,0.0,0.0,0.0,0.0,0.0,8.418055555555556,0.0,0.0
2021-04-01,0.0,0.0,0.0,0.0,0.0,8.1775,0.0,0.0
2021-04-02,0.0,0.0,0.0,0.0,0.0,8.365833333333333,0.0,0.0
2021-04-03,0.0,0.0,0.0,0.0,0.0,8.428333333333333,0.0,0.0
2021-04-04,0.0,0.0,0.0,0.0,0.0,0.3094444444444444,0.0,0.0
2021-04-05,0.0,0.0,0.0,0.0,0.0,8.225,0.0,0.0
2021-04-06,0.0,0.0,0.0,0.0,0.0,8.069166666666666,0.0,0.0
2021-04-07,0.0,0.0,0.0,0.0,0.0,8.323333333333334,0.0,0.0
2021-04-08,0.0,0.0,0.0,0.0,0.0,8.419444444444444,0.0,0.0
2021-04-09,0.0,0.0,0.0,0.0,0.0,8.419444444444444,0.0,0.0
2021-04-10,0.0,0.0,0.0,0.0,0.0,8.419444444444444,0.0,0.0
2021-04-11,0.0,0.0,0.0,0.0,0.0,8.021666666666667,0.0,0.0
2021-04-12,0.0,0.0,0.0,0.0,0.0,8.138333333333334,0.0,0.0
2021-04-13,0.0,0.0,0.0,0.0,0.0,8.419166666666667,0.0,0.0
2021-04-14,0.0,0.0,0.0,0.0,0.0,7.7125,0.0,0.0
2021-04-15,0.0,0.0,0.0,0.0,0.0,1.0,0.0,0.0
2021-04-16,0.0,0.0,0.0,0.0,0.0,7.404444444444445,0.0,0.0
2021-04-17,0.0,0.0,0.0,0.0,0.0,8.426944444444445,0.0,0.0
2021-04-18,0.0,0.0,0.0,0.0,0.0,8.532777777777778,0.0,0.0
2021-04-19,0.0,0.0,0.0,0.0,0.0,8.066666666666666,0.0,0.0
2021-04-20,0.0,0.0,0.0,0.0,0.0,8.356111111111112,0.0,0.0
2021-04-21,0.0,0.0,0.0,0.0,0.0,0.19027777777777777,0.0,0.0
2021-04-22,0.0,0.0,0.0,0.0,0.0,8.42388888888889,0.0,0.0
2021-04-23,0.0,0.0,0.0,0.0,0.0,8.417222222222222,0.0,0.0
2021-04-24,0.0,0.0,0.0,0.0,0.0,8.425277777777778,0.0,0.0
2021-04-25,0.0,0.0,0.0,0.0,0.0,8.244722222222222,0.0,0.0
2021-04-26,0.0,0.0,0.0,0.0,0.0,8.116944444444444,0.0,0.0
2021-04-27,0.0,0.0,0.0,0.0,0.0,8.05861111111111,0.0,0.0
2021-04-28,0.0,0.0,0.0,0.0,0.0,1.1752777777777779,0.0,0.0
2021-04-29,0.0,0.0,0.0,0.0,0.0,8.04861111111111,0.0,0.0
2021-04-30,0.0,0.0,0.0,0.0,0.0,0.4038888888888889,0.0,0.0
2021-05-01,0.0,0.0,0.0,0.0,0.0,8.425,0.0,0.0
2021-05-02,0.0,0.0,0.0,0.0,0.0,8.553888888888888,0.0,0.0
2021-05-03,0.0,0.0,0.0,0.0,0.0,8.425,0.0,0.0
2021-05-04,0.0,0.0,0.0,0.0,0.0,7.940833333333333,0.0,0.0
2021-05-05,0.0,0.0,0.0,0.0,0.0,0.30722222222222223,0.0,0.0
2021-05-06,0.0,0.0,0.0,0.0,0.0,0.7833333333333333,0.0,0.0
2021-05-07,0.0,0.0,0.0,0.0,0.0,8.2175,0.0,0.0
2021-05-08,0.0,0.0,0.0,0.0,0.0,7.8486111111111105,0.0,0.0
2021-05-09,0.0,0.0,0.0,0.0,0.0,8.4675,0.0,0.0
2021-05-10,0.0,0.0,0.0,0.0,0.0,7.925277777777778,0.0,0.0
2021-05-11,0.0,0.0,0.0,0.0,0.0,8.432777777777778,0.0,0.0
2021-05-12,0.0,0.0,0.0,0.0,0.0,8.372222222222222,0.0,0.0
2021-05-13,0.0,0.0,0.0,0.0,0.0,8.724722222222223,0.0,0.0
2021-05-14,0.0,0.0,0.0,0.0,0.0,8.416666666666666,0.0,0.0
2021-05-15,0.0,0.0,0.0,0.0,0.0,8.448333333333334,0.0,0.0
2021-05-16,0.0,0.0,0.0,0.0,0.0,0.4494444444444444,0.0,0.0
2021-05-17,0.0,0.0,0.0,0.0,0.0,8.420277777777779,0.0,0.0
2021-05-18,0.0,0.0,0.0,0.0,0.0,8.42,0.0,0.0
2021-05-19,0.0,0.0,0.0,0.0,0.0,0.3591666666666667,0.0,0.0
2021-05-20,0.0,0.0,0.0,0.0,0.0,8.378333333333334,0.0,0.0
2021-05-21,0.0,0.0,0.0,0.0,0.0,8.583055555555555,0.0,0.0
2021-05-22,0.0,0.0,0.0,0.0,0.0,7.52361111111111,0.0,0.0
2021-05-23,0.0,0.0,0.0,0.0,0.0,0.25055555555555553,0.0,0.0
2021-05-24,0.0,0.0,0.0,0.0,0.0,8.419722222222223,0.0,0.0
2021-05-25,0.0,0.0,0.0,0.0,0.0,8.366388888888888,0.0,0.0
2021-05-26,0.0,0.0,0.0,0.0,0.0,0.47833333333333333,0.0,0.0
2021-05-27,0.0,0.0,0.0,0.0,0.0,8.448333333333334,0.0,0.0
2021-05-28,0.0,0.0,0.0,0.0,0.0,7.4927777777777775,0.0,0.0
2021-05-29,0.0,0.0,0.0,0.0,0.0,2.693611111111111,0.0,0.0
2021-05-30,0.0,0.0,0.0,0.0,0.0,0.5697222222222222,0.0,0.0
2021-05-31,0.0,0.0,0.0,0.0,0.0,8.42,0.0,0.0
2021-06-01,0.0,0.0,0.0,0.0,0.0,7.918888888888889,0.0,0.0
2021-06-02,0.0,0.0,0.0,0.0,0.0,0.4752777777777778,0.0,0.0
2021-06-04,0.0,0.0,0.0,0.0,0.0,8.086666666666666,0.0,0.0
2021-06-05,0.0,0.0,0.0,0.0,0.0,7.865277777777778,0.0,0.0
2021-06-06,0.0,0.0,0.0,0.0,0.0,7.009444444444444,0.0,0.0
2021-06-07,0.0,0.0,0.0,0.0,0.0,7.962777777777777,0.0,0.0
2021-06-08,0.0,0.0,0.0,0.0,0.0,8.086388888888889,0.0,0.0
2021-06-09,0.0,0.0,0.0,0.0,0.0,8.237777777777778,0.0,0.0
2021-06-10,0.0,0.0,0.0,0.0,0.0,8.239166666666666,0.0,0.0
2021-06-11,0.0,0.0,0.0,0.0,0.0,8.089166666666667,0.0,0.0
2021-06-12,0.0,0.0,0.0,0.0,0.0,8.239166666666666,0.0,0.0
2021-06-13,0.0,0.0,0.0,0.0,0.0,7.426388888888889,0.0,0.0
2021-06-14,0.0,0.0,0.0,0.0,0.0,8.085277777777778,0.0,0.0
2021-06-15,0.0,0.0,0.0,0.0,0.0,7.804722222222222,0.0,0.0
2021-06-16,0.0,0.0,0.0,0.0,0.0,7.832777777777778,0.0,0.0
2021-06-17,0.0,0.0,0.0,0.0,0.0,0.17777777777777778,0.0,0.0
2021-06-18,0.0,0.0,0.0,0.0,0.0,8.015277777777778,0.0,0.0
2021-06-19,0.0,0.0,0.0,0.0,0.0,8.238888888888889,0.0,0.0
2021-06-20,0.0,0.0,0.0,0.0,0.0,7.799722222222222,0.0,0.0
2021-06-21,0.0,0.0,0.0,0.0,0.0,8.086388888888889,0.0,0.0
2021-06-22,0.0,0.0,0.0,0.0,0.0,8.032777777777778,0.0,0.0
2021-06-23,0.0,0.0,0.0,0.0,0.0,7.551944444444445,0.0,0.0
2021-06-24,0.0,0.0,0.0,0.0,0.0,8.088888888888889,0.0,0.0
2021-06-25,0.0,0.0,0.0,0.0,0.0,7.811388888888889,0.0,0.0
2021-06-26,0.0,0.0,0.0,0.0,0.0,8.08388888888889,0.0,0.0
2021-06-27,0.0,0.0,0.0,0.0,0.0,7.724166666666667,0.0,0.0
2021-06-28,0.0,0.0,0.0,0.0,0.0,8.028333333333332,0.0,0.0
2021-06-29,0.0,0.0,0.0,0.0,0.0,7.435,0.0,0.0
2021-06-30,0.0,0.0,0.0,0.0,0.0,7.851388888888889,0.0,0.0
2021-07-01,0.0,0.0,0.0,0.0,0.0,8.239722222222222,0.0,0.0
2021-07-02,0.0,0.0,0.0,0.0,0.0,7.131944444444445,0.0,0.0
2021-07-03,0.0,0.0,0.0,0.0,0.0,7.456666666666667,0.0,0.0
2021-07-04,0.0,0.0,0.0,0.0,0.0,7.4063888888888885,0.0,0.0
2021-07-05,0.0,0.0,0.0,0.0,0.0,8.083333333333334,0.0,0.0
2021-07-06,0.0,0.0,0.0,0.0,0.0,4.162222222222222,0.0,0.0
2021-07-07,0.0,0.0,0.0,0.0,0.0,7.412222222222222,0.0,0.0
2021-07-08,0.0,0.0,0.0,0.0,0.0,7.670277777777778,0.0,0.0
2021-07-09,0.0,0.0,0.0,0.0,0.0,5.798333333333334,0.0,0.0
2021-07-10,0.0,0.0,0.0,0.0,0.0,8.083333333333334,0.0,0.0
2021-07-11,0.0,0.0,0.0,0.0,0.0,7.4783333333333335,0.0,0.0
2021-07-12,0.0,0.0,0.0,0.0,0.0,8.08361111111111,0.0,0.0
2021-07-13,0.0,0.0,0.0,0.0,0.0,8.080555555555556,0.0,0.0
2021-07-14,0.0,0.0,0.0,0.0,0.0,6.176388888888889,0.0,0.0
2021-07-15,0.0,0.0,0.0,0.0,0.0,7.728888888888889,0.0,0.0
2021-07-16,0.0,0.0,0.0,0.0,0.0,7.1875,0.0,0.0
2021-07-17,0.0,0.0,0.0,0.0,0.0,8.08388888888889,0.0,0.0
2021-07-18,0.0,0.0,0.0,0.0,0.0,7.3999999999999995,0.0,0.0
2021-07-19,0.0,0.0,0.0,0.0,0.0,8.083333333333334,0.0,0.0
2021-07-20,0.0,0.0,0.0,0.0,0.0,7.9319444444444445,0.0,0.0
2021-07-21,0.0,0.0,0.0,0.0,0.0,8.08388888888889,0.0,0.0
2021-07-22,0.0,0.0,0.0,0.0,0.0,8.083333333333334,0.0,0.0
2021-07-23,0.0,0.0,0.0,0.0,0.0,8.083333333333334,0.0,0.0
2021-07-24,0.0,0.0,0.0,0.0,0.0,8.083333333333334,0.0,0.0
2021-07-25,0.0,0.0,0.0,0.0,0.0,7.169444444444444,0.0,0.0
2021-07-26,0.0,0.0,0.0,0.0,0.0,8.08388888888889,0.0,0.0
2021-07-27,0.0,0.0,0.0,0.0,0.0,8.083333333333334,0.0,0.0
2021-07-28,0.0,0.0,0.0,0.0,0.0,7.5152777777777775,0.0,0.0
2021-07-29,0.0,0.0,0.0,0.0,0.0,8.083333333333334,0.0,0.0
2021-07-30,0.0,0.0,0.0,0.0,0.0,8.083333333333334,0.0,0.0
2021-07-31,0.0,0.0,0.0,0.0,0.0,8.08361111111111,0.0,0.0
2021-08-01,0.0,0.0,0.0,0.0,0.0,8.08388888888889,0.0,0.0
2021-08-02,0.0,0.0,0.0,0.0,0.0,8.018888888888888,0.0,0.0
2021-08-03,0.0,0.0,0.0,0.0,0.0,2.653888888888889,0.0,0.0
2021-08-04,0.0,0.0,0.0,0.0,0.0,7.591944444444445,0.0,0.0
2021-08-05,0.0,0.0,0.0,0.0,0.0,8.083333333333334,0.0,0.0
2021-08-06,0.0,0.0,0.0,0.0,0.0,6.459722222222222,0.0,0.0
2021-08-07,0.0,0.0,0.0,0.0,0.0,6.964722222222222,0.0,0.0
2021-08-08,0.0,0.0,0.0,0.0,0.0,7.801388888888888,0.0,0.0
2021-08-09,0.0,0.0,0.0,0.0,0.0,8.08361111111111,0.0,0.0
2021-08-10,0.0,0.0,0.0,0.0,0.0,8.083333333333334,0.0,0.0
2021-08-11,0.0,0.0,0.0,0.0,0.0,7.742222222222222,0.0,0.0
2021-08-12,0.0,0.0,0.0,0.0,0.0,8.031111111111112,0.0,0.0
2021-08-13,0.0,0.0,0.0,0.0,0.0,8.075833333333334,0.0,0.0
2021-08-14,0.0,0.0,0.0,0.0,0.0,8.083333333333334,0.0,0.0
2021-08-15,0.0,0.0,0.0,0.0,0.0,7.789166666666667,0.0,0.0
2021-08-16,0.0,0.0,0.0,0.0,0.0,8.08388888888889,0.0,0.0
2021-08-17,0.0,0.0,0.0,0.0,0.0,7.962222222222222,0.0,0.0
2021-08-18,0.0,0.0,0.0,0.0,0.0,8.038611111111111,0.0,0.0
2021-08-19,0.0,0.0,0.0,0.0,0.0,8.083333333333334,0.0,0.0
2021-08-20,0.0,0.0,0.0,0.0,0.0,8.08388888888889,0.0,0.0
2021-08-21,0.0,0.0,0.0,0.0,0.0,8.083333333333334,0.0,0.0
2021-08-22,0.0,0.0,0.0,0.0,0.0,7.98,0.0,0.0
2021-08-23,0.0,0.0,0.0,0.0,0.0,7.750555555555556,0.0,0.0
2021-08-24,0.0,0.0,0.0,0.0,0.0,7.881388888888889,0.0,0.0
2021-08-25,0.0,0.0,0.0,0.0,0.0,8.083333333333334,0.0,0.0
2021-08-26,0.0,0.0,0.0,0.0,0.0,8.055277777777778,0.0,0.0
2021-08-27,0.0,0.0,0.0,0.0,0.0,8.08361111111111,0.0,0.0
2021-08-28,0.0,0.0,0.0,0.0,0.0,8.083333333333334,0.0,0.0
2021-08-29,0.0,0.0,0.0,0.0,0.0,0.021388888888888888,0.0,0.0
2021-08-30,0.0,0.0,0.0,0.0,0.0,7.870277777777778,0.0,0.0
2021-08-31,0.0,0.0,0.0,0.0,0.0,8.08361111111111,0.0,0.0
2021-09-01,0.0,0.0,0.0,0.0,0.0,5.358888888888889,0.0,0.0
2021-09-02,0.0,0.0,0.0,0.0,0.0,8.08361111111111,0.0,0.0
2021-09-03,0.0,0.0,0.0,0.0,0.0,8.083333333333334,0.0,0.0
2021-09-04,0.0,0.0,0.0,0.0,0.0,7.608611111111111,0.0,0.0
2021-09-05,0.0,0.0,0.0,0.0,0.0,7.968055555555556,0.0,0.0
2021-09-06,0.0,0.0,0.0,0.0,0.0,7.487777777777778,0.0,0.0
2021-09-07,0.0,0.0,0.0,0.0,0.0,8.08388888888889,0.0,0.0
2021-09-08,0.0,0.0,0.0,0.0,0.0,8.083333333333334,0.0,0.0
2021-09-09,0.0,0.0,0.0,0.0,0.0,8.08388888888889,0.0,0.0
2021-09-10,0.0,0.0,0.0,0.0,0.0,8.083333333333334,0.0,0.0
2021-09-11,0.0,0.0,0.0,0.0,0.0,8.00611111111111,0.0,0.0
2021-09-12,0.0,0.0,0.0,0.0,0.0,8.08361111111111,0.0,0.0
2021-09-13,0.0,0.0,0.0,0.0,0.0,8.083333333333334,0.0,0.0
2021-09-14,0.0,0.0,0.0,0.0,0.0,7.439444444444445,0.0,0.0
2021-09-15,0.0,0.0,0.0,0.0,0.0,8.083333333333334,0.0,0.0
2021-09-16,0.0,0.0,0.0,0.0,0.0,7.800833333333333,0.0,0.0
2021-09-17,0.0,0.0,0.0,0.0,0.0,8.083333333333334,0.0,0.0
2021-09-18,0.0,0.0,0.0,0.0,0.0,8.083333333333334,0.0,0.0
2021-09-19,0.0,0.0,0.0,0.0,0.0,8.083333333333334,0.0,0.0
2021-09-20,0.0,0.0,0.0,0.0,0.0,0.020555555555555556,0.0,0.0
2021-09-21,0.0,0.0,0.0,0.0,0.0,8.08388888888889,0.0,0.0
2021-09-22,0.0,0.0,0.0,0.0,0.0,8.08388888888889,0.0,0.0
2021-09-23,0.0,0.0,0.0,0.0,0.0,8.08361111111111,0.0,0.0
2021-09-24,0.0,0.0,0.0,0.0,0.0,7.011111111111111,0.0,0.0
2021-09-25,0.0,0.0,0.0,0.0,0.0,7.506111111111111,0.0,0.0
2021-09-26,0.0,0.0,0.0,0.0,0.0,7.686388888888889,0.0,0.0
2021-09-27,0.0,0.0,0.0,0.0,0.0,8.083333333333334,0.0,0.0
2021-09-28,0.0,0.0,0.0,0.0,0.0,8.08361111111111,0.0,0.0
2021-09-29,0.0,0.0,0.0,0.0,0.0,8.08388888888889,0.0,0.0
2021-09-30,0.0,0.0,0.0,0.0,0.0,7.516944444444444,0.0,0.0
2021-10-01,0.0,0.0,0.0,0.0,0.0,7.591944444444445,0.0,0.0
2021-10-02,0.0,0.0,0.0,0.0,0.0,8.083333333333334,0.0,0.0
2021-10-03,0.0,0.0,0.0,0.0,0.0,8.08388888888889,0.0,0.0
2021-10-04,0.0,0.0,0.0,0.0,0.0,8.083333333333334,0.0,0.0
2021-10-05,0.0,0.0,0.0,0.0,0.0,8.083333333333334,0.0,0.0
2021-10-06,0.0,0.0,0.0,0.0,0.0,8.041944444444445,0.0,0.0
2021-10-07,0.0,0.0,0.0,0.0,0.0,8.083333333333334,0.0,0.0
2021-10-08,0.0,0.0,0.0,0.0,0.0,8.08388888888889,0.0,0.0
2021-10-09,0.0,0.0,0.0,0.0,0.0,8.08361111111111,0.0,0.0
2021-10-10,0.0,0.0,0.0,0.0,0.0,8.083333333333334,0.0,0.0
2021-10-11,0.0,0.0,0.0,0.0,0.0,0.6888888888888889,0.0,0.0
2021-10-12,0.0,0.0,0.0,0.0,0.0,8.083333333333334,0.0,0.0
2021-10-13,0.0,0.0,0.0,0.0,0.0,7.750277777777778,0.0,0.0
2021-10-14,0.0,0.0,0.0,0.0,0.0,8.083333333333334,0.0,0.0
2021-10-15,0.0,0.0,0.0,0.0,0.0,8.08361111111111,0.0,0.0
2021-10-16,0.0,0.0,0.0,0.0,0.0,7.916666666666667,0.0,0.0
2021-10-17,0.0,0.0,0.0,0.0,0.0,7.5119444444444445,0.0,0.0
2021-10-18,0.0,0.0,0.0,0.0,0.0,6.694166666666667,0.0,0.0
2021-10-19,0.0,0.0,0.0,0.0,0.0,8.083333333333334,0.0,0.0
2021-10-20,0.0,0.0,0.0,0.0,0.0,7.981944444444444,0.0,0.0
2021-10-21,0.0,0.0,0.0,0.0,0.0,8.08388888888889,0.0,0.0
2021-10-22,0.0,0.0,0.0,0.0,0.0,8.083333333333334,0.0,0.0
2021-10-23,0.0,0.0,0.0,0.0,0.0,8.083333333333334,0.0,0.0
2021-10-24,0.0,0.0,0.0,0.0,0.0,8.08361111111111,0.0,0.0
2021-10-25,0.0,0.0,0.0,0.0,0.0,7.873055555555555,0.0,0.0
2021-10-26,0.0,0.0,0.0,0.0,0.0,7.925,0.0,0.0
2021-10-27,0.0,0.0,0.0,0.0,0.0,7.325555555555556,0.0,0.0
2021-10-28,0.0,0.0,0.0,0.0,0.0,8.083333333333334,0.0,0.0
2021-10-29,0.0,0.0,0.0,0.0,0.0,7.961666666666667,0.0,0.0
2021-10-30,0.0,0.0,0.0,0.0,0.0,6.308333333333334,0.0,0.0
2021-10-31,0.0,0.0,0.0,0.0,0.0,6.9625,0.0,0.0
2021-11-01,0.0,0.0,0.0,0.0,0.0,7.698611111111111,0.0,0.0
2021-11-02,0.0,0.0,0.0,0.0,0.0,6.759166666666666,0.0,0.0
2021-11-03,0.0,0.0,0.0,0.0,0.0,8.08388888888889,0.0,0.0
2021-11-04,0.0,0.0,0.0,0.0,0.0,7.581388888888889,0.0,0.0
2021-11-05,0.0,0.0,0.0,0.0,0.0,8.05861111111111,0.0,0.0
2021-11-06,0.0,0.0,0.0,0.0,0.0,8.271666666666667,0.0,0.0
2021-11-07,0.0,0.0,0.0,0.0,0.0,7.249722222222222,0.0,0.0
2021-11-08,0.0,0.0,0.0,0.0,0.0,6.920277777777778,0.0,0.0
2021-11-09,0.0,0.0,0.0,0.0,0.0,8.08388888888889,0.0,0.0
2021-11-10,0.0,0.0,0.0,0.0,0.0,8.083333333333334,0.0,0.0
2021-11-11,0.0,0.0,0.0,0.0,0.0,8.083333333333334,0.0,0.0
2021-11-12,0.0,0.0,0.0,0.0,0.0,8.083333333333334,0.0,0.0
2021-11-13,0.0,0.0,0.0,0.0,0.0,8.08361111111111,0.0,0.0
2021-11-14,0.0,0.0,0.0,0.0,0.0,7.41,0.0,0.0
2021-11-15,0.0,0.0,0.0,0.0,0.0,8.08361111111111,0.0,0.0
2021-11-16,0.0,0.0,0.0,0.0,0.0,8.08361111111111,0.0,0.0
2021-11-17,0.0,0.0,0.0,0.0,0.0,7.352222222222222,0.0,0.0
2021-11-18,0.0,0.0,0.0,0.0,0.0,8.08361111111111,0.0,0.0
2021-11-19,0.0,0.0,0.0,0.0,0.0,7.288611111111111,0.0,0.0
2021-11-20,0.0,0.0,0.0,0.0,0.0,8.0725,0.0,0.0
2021-11-21,0.0,0.0,0.0,0.0,0.0,7.270555555555555,0.0,0.0
2021-11-22,0.0,0.0,0.0,0.0,0.0,8.083333333333334,0.0,0.0
2021-11-23,0.0,0.0,0.0,0.0,0.0,7.345277777777778,0.0,0.0
2021-11-24,0.0,0.0,0.0,0.0,0.0,8.08361111111111,0.0,0.0
2021-11-25,0.0,0.0,0.0,0.0,0.0,8.083333333333334,0.0,0.0
2021-11-26,0.0,0.0,0.0,0.0,0.0,7.3005555555555555,0.0,0.0
2021-11-27,0.0,0.0,0.0,0.0,0.0,7.414166666666667,0.0,0.0
2021-11-28,0.0,0.0,0.0,0.0,0.0,8.083333333333334,0.0,0.0
2021-11-29,0.0,0.0,0.0,0.0,0.0,8.083333333333334,0.0,0.0
2021-11-30,0.0,0.0,0.0,0.0,0.0,8.08361111111111,0.0,0.0
2021-12-01,0.0,0.0,0.0,0.0,0.0,7.704444444444444,0.0,0.0
2021-12-02,0.0,0.0,0.0,0.0,0.0,7.9825,0.0,0.0
2021-12-03,0.0,0.0,0.0,0.0,0.0,8.083333333333334,0.0,0.0
2021-12-04,0.0,0.0,0.0,0.0,0.0,7.799722222222222,0.0,0.0
2021-12-05,0.0,0.0,0.0,0.0,0.0,6.175,0.0,0.0
2021-12-06,0.0,0.0,0.0,0.0,0.0,8.083333333333334,0.0,0.0
2021-12-07,0.0,0.0,0.0,0.0,0.0,5.575555555555556,0.0,0.0
2021-12-08,0.0,0.0,0.0,0.0,0.0,7.784166666666667,0.0,0.0
2021-12-09,0.0,0.0,0.0,0.0,0.0,8.031666666666666,0.0,0.0
2021-12-10,0.0,0.0,0.0,0.0,0.0,7.478611111111111,0.0,0.0
2021-12-11,0.0,0.0,0.0,0.0,0.0,7.52,0.0,0.0
2021-12-12,0.0,0.0,0.0,0.0,0.0,7.199722222222222,0.0,0.0
2021-12-13,0.0,0.0,0.0,0.0,0.0,8.083333333333334,0.0,0.0
2021-12-14,0.0,0.0,0.0,0.0,0.0,8.08388888888889,0.0,0.0
2021-12-15,0.0,0.0,0.0,0.0,0.0,7.218055555555556,0.0,0.0
2021-12-16,0.0,0.0,0.0,0.0,0.0,7.744722222222222,0.0,0.0
2021-12-17,0.0,0.0,0.0,0.0,0.0,8.08361111111111,0.0,0.0
2021-12-18,0.0,0.0,0.0,0.0,0.0,8.083333333333334,0.0,0.0
2021-12-19,0.0,0.0,0.0,0.0,0.0,8.083333333333334,0.0,0.0
2021-12-20,0.0,0.0,0.0,0.0,0.0,8.083333333333334,0.0,0.0
2021-12-21,0.0,0.0,0.0,0.0,0.0,7.405,0.0,0.0
2021-12-22,0.0,0.0,0.0,0.0,0.0,8.08361111111111,0.0,0.0
2021-12-23,0.0,0.0,0.0,0.0,0.0,8.083333333333334,0.0,0.0
2021-12-24,0.0,0.0,0.0,0.0,0.0,6.838888888888889,0.0,0.0
2021-12-25,0.0,0.0,0.0,0.0,0.0,5.678055555555556,0.0,0.0
2021-12-26,0.0,0.0,0.0,0.0,0.0,7.413055555555555,0.0,0.0
2021-12-27,0.0,0.0,0.0,0.0,0.0,8.083333333333334,0.0,0.0
2021-12-28,0.0,0.0,0.0,0.0,0.0,7.417222222222223,0.0,0.0
2021-12-29,0.0,0.0,0.0,0.0,0.0,7.365,0.0,0.0
2021-12-30,0.0,0.0,0.0,0.0,0.0,6.516666666666667,0.0,0.0
2021-12-31,0.0,0.0,0.0,0.0,0.0,6.829444444444444,0.0,0.0
2022-01-01,0.0,0.0,0.0,0.0,0.0,7.349166666666667,0.0,0.0
2022-01-02,0.0,0.0,0.0,0.0,0.0,7.17,0.0,0.0
2022-01-03,0.0,0.0,0.0,0.0,0.0,8.027777777777779,0.0,0.0
2022-01-04,0.0,0.0,0.0,0.0,0.0,8.08361111111111,0.0,0.0
2022-01-05,0.0,0.0,0.0,0.0,0.0,8.08388888888889,0.0,0.0
2022-01-06,0.0,0.0,0.0,0.0,0.0,8.08361111111111,0.0,0.0
2022-01-07,0.0,0.0,0.0,0.0,0.0,7.186388888888889,0.0,0.0
2022-01-08,0.0,0.0,0.0,0.0,0.0,7.878333333333333,0.0,0.0
2022-01-09,0.0,0.0,0.0,0.0,0.0,7.658055555555555,0.0,0.0
2022-01-10,0.0,0.0,0.0,0.0,0.0,7.797499999999999,0.0,0.0
2022-01-11,0.0,0.0,0.0,0.0,0.0,8.08388888888889,0.0,0.0
2022-01-12,0.0,0.0,0.0,0.0,0.0,8.08361111111111,0.0,0.0
2022-01-13,0.0,0.0,0.0,0.0,0.0,6.128611111111111,0.0,0.0
2022-01-14,0.0,0.0,0.0,0.0,0.0,8.08388888888889,0.0,0.0
2022-01-15,0.0,0.0,0.0,0.0,0.0,7.528333333333333,0.0,0.0
2022-01-16,0.0,0.0,0.0,0.0,0.0,8.083333333333334,0.0,0.0
2022-01-17,0.0,0.0,0.0,0.0,0.0,7.545277777777778,0.0,0.0
2022-01-18,0.0,0.0,0.0,0.0,0.0,8.083333333333334,0.0,0.0
2022-01-19,0.0,0.0,0.0,0.0,0.0,8.083333333333334,0.0,0.0
2022-01-20,0.0,0.0,0.0,0.0,0.0,6.553333333333334,0.0,0.0
2022-01-21,0.0,0.0,0.0,0.0,0.0,7.935,0.0,0.0
2022-01-22,0.0,0.0,0.0,0.0,0.0,8.029722222222222,0.0,0.0
2022-01-23,0.0,0.0,0.0,0.0,0.0,8.01361111111111,0.0,0.0
2022-01-24,0.0,0.0,0.0,0.0,0.0,7.528611111111111,0.0,0.0
2022-01-25,0.0,0.0,0.0,0.0,0.0,8.08388888888889,0.0,0.0
2022-01-26,0.0,0.0,0.0,0.0,0.0,8.08388888888889,0.0,0.0
2022-01-27,0.0,0.0,0.0,0.0,0.0,8.083333333333334,0.0,0.0
2022-01-28,0.0,0.0,0.0,0.0,0.0,7.024444444444445,0.0,0.0
2022-01-29,0.0,0.0,0.0,0.0,0.0,8.08361111111111,0.0,0.0
2022-01-30,0.0,0.0,0.0,0.0,0.0,8.083333333333334,0.0,0.0
2022-01-31,0.0,0.0,0.0,0.0,0.0,8.038333333333334,0.0,0.0
2022-02-01,0.0,0.0,0.0,0.0,0.0,8.083333333333334,0.0,0.0
2022-02-02,0.0,0.0,0.0,0.0,0.0,8.08361111111111,0.0,0.0
2022-02-03,0.0,0.0,0.0,0.0,0.0,8.083333333333334,0.0,0.0
2022-02-04,0.0,0.0,0.0,0.0,0.0,7.687222222222222,0.0,0.0
2022-02-05,0.0,0.0,0.0,0.0,0.0,8.083333333333334,0.0,0.0
2022-02-06,0.0,0.0,0.0,0.0,0.0,7.016388888888889,0.0,0.0
2022-02-07,0.0,0.0,0.0,0.0,0.0,7.721388888888889,0.0,0.0
2022-02-08,0.0,0.0,0.0,0.0,0.0,7.690555555555555,0.0,0.0
2022-02-09,0.0,0.0,0.0,0.0,0.0,7.506388888888889,0.0,0.0
2022-02-10,0.0,0.0,0.0,0.0,0.0,7.7652777777777775,0.0,0.0
2022-02-11,0.0,0.0,0.0,0.0,0.0,7.038888888888889,0.0,0.0
2022-02-12,0.0,0.0,0.0,0.0,0.0,7.404444444444445,0.0,0.0
2022-02-13,0.0,0.0,0.0,0.0,0.0,7.791111111111111,0.0,0.0
2022-02-14,0.0,0.0,0.0,0.0,0.0,8.083333333333334,0.0,0.0
2022-02-15,0.0,0.0,0.0,0.0,0.0,8.083333333333334,0.0,0.0
2022-02-16,0.0,0.0,0.0,0.0,0.0,8.072222222222223,0.0,0.0
2022-02-17,0.0,0.0,0.0,0.0,0.0,8.083333333333334,0.0,0.0
2022-02-18,0.0,0.0,0.0,0.0,0.0,7.887222222222222,0.0,0.0
2022-02-19,0.0,0.0,0.0,0.0,0.0,7.981388888888889,0.0,0.0
2022-02-20,0.0,0.0,0.0,0.0,0.0,7.419722222222222,0.0,0.0
2022-02-21,0.0,0.0,0.0,0.0,0.0,8.083333333333334,0.0,0.0
2022-02-22,0.0,0.0,0.0,0.0,0.0,8.08361111111111,0.0,0.0
2022-02-23,0.0,0.0,0.0,0.0,0.0,7.343333333333334,0.0,0.0
2022-02-24,0.0,0.0,0.0,0.0,0.0,5.616388888888889,0.0,0.0
2022-02-25,0.0,0.0,0.0,0.0,0.0,7.814722222222223,0.0,0.0
2022-02-26,0.0,0.0,0.0,0.0,0.0,8.08361111111111,0.0,0.0
2022-02-27,0.0,0.0,0.0,0.0,0.0,7.658333333333333,0.0,0.0
2022-02-28,0.0,0.0,0.0,0.0,0.0,7.1725,0.0,0.0
2022-03-01,0.0,0.0,0.0,0.0,0.0,8.08361111111111,0.0,0.0
2022-03-02,0.0,0.0,0.0,0.0,0.0,7.386111111111111,0.0,0.0
2022-03-03,0.0,0.0,0.0,0.0,0.0,7.853888888888889,0.0,0.0
2022-03-04,0.0,0.0,0.0,0.0,0.0,6.563055555555556,0.0,0.0
2022-03-05,0.0,0.0,0.0,0.0,0.0,6.893055555555556,0.0,0.0
2022-03-06,0.0,0.0,0.0,0.0,0.0,7.284722222222222,0.0,0.0
2022-03-07,0.0,0.0,0.0,0.0,0.0,8.08361111111111,0.0,0.0
2022-03-08,0.0,0.0,0.0,0.0,0.0,8.083333333333334,0.0,0.0
2022-03-09,0.0,0.0,0.0,0.0,0.0,7.1475,0.0,0.0
2022-03-10,0.0,0.0,0.0,0.0,0.0,7.133333333333334,0.0,0.0
2022-03-11,0.0,0.0,0.0,0.0,0.0,7.736666666666666,0.0,0.0
2022-03-12,0.0,0.0,0.0,0.0,0.0,7.083333333333333,0.0,0.0
2022-03-13,0.0,0.0,0.0,0.0,0.0,7.093333333333334,0.0,0.0
2022-03-14,0.0,0.0,0.0,0.0,0.0,8.083333333333334,0.0,0.0
2022-03-15,0.0,0.0,0.0,0.0,0.0,8.08361111111111,0.0,0.0
2022-03-16,0.0,0.0,0.0,0.0,0.0,7.491666666666666,0.0,0.0
2022-03-17,0.0,0.0,0.0,0.0,0.0,8.08361111111111,0.0,0.0
2022-03-18,0.0,0.0,0.0,0.0,0.0,7.878611111111111,0.0,0.0
2022-03-19,0.0,0.0,0.0,0.0,0.0,8.08361111111111,0.0,0.0
2022-03-20,0.0,0.0,0.0,0.0,0.0,8.083333333333334,0.0,0.0
2022-03-21,0.0,0.0,0.0,0.0,0.0,8.08361111111111,0.0,0.0
2022-03-22,0.0,0.0,0.0,0.0,0.0,8.083333333333334,0.0,0.0
2022-03-23,0.0,0.0,0.0,0.0,0.0,8.08361111111111,0.0,0.0
2022-03-24,0.0,0.0,0.0,0.0,0.0,6.549444444444444,0.0,0.0
2022-03-25,0.0,0.0,0.0,0.0,0.0,8.083333333333334,0.0,0.0
2022-03-26,0.0,0.0,0.0,0.0,0.0,6.438055555555556,0.0,0.0
2022-03-27,0.0,0.0,0.0,0.0,0.0,7.646944444444444,0.0,0.0
2022-03-28,0.0,0.0,0.0,0.0,0.0,7.006388888888889,0.0,0.0
2022-03-29,0.0,0.0,0.0,0.0,0.0,7.549722222222222,0.0,0.0
2022-03-30,0.0,0.0,0.0,0.0,0.0,8.08388888888889,0.0,0.0
2022-03-31,0.0,0.0,0.0,0.0,0.0,6.4944444444444445,0.0,0.0
2022-04-01,0.0,0.0,0.0,0.0,0.0,8.08388888888889,0.0,0.0
2022-04-02,0.0,0.0,0.0,0.0,0.0,7.391111111111111,0.0,0.0
2022-04-03,0.0,0.0,0.0,0.0,0.0,7.414444444444444,0.0,0.0
2022-04-04,0.0,0.0,0.0,0.0,0.0,8.08361111111111,0.0,0.0
2022-04-05,0.0,0.0,0.0,0.0,0.0,8.083333333333334,0.0,0.0
2022-04-06,0.0,0.0,0.0,0.0,0.0,7.091388888888889,0.0,0.0
2022-04-07,0.0,0.0,0.0,0.0,0.0,7.3502777777777775,0.0,0.0
2022-04-08,0.0,0.0,0.0,0.0,0.0,7.187222222222222,0.0,0.0
2022-04-09,0.0,0.0,0.0,0.0,0.0,8.08361111111111,0.0,0.0
2022-04-10,0.0,0.0,0.0,0.0,0.0,7.257777777777777,0.0,0.0
2022-04-11,0.0,0.0,0.0,0.0,0.0,8.08361111111111,0.0,0.0
2022-04-12,0.0,0.0,0.0,0.0,0.0,8.083333333333334,0.0,0.0
2022-04-13,0.0,0.0,0.0,0.0,0.0,7.25,0.0,0.0
2022-04-14,0.0,0.0,0.0,0.0,0.0,7.505277777777778,0.0,0.0
2022-04-15,0.0,0.0,0.0,0.0,0.0,8.083333333333334,0.0,0.0
2022-04-16,0.0,0.0,0.0,0.0,0.0,6.749722222222222,0.0,0.0
2022-04-17,0.0,0.0,0.0,0.0,0.0,8.053888888888888,0.0,0.0
2022-04-18,0.0,0.0,0.0,0.0,0.0,7.378611111111111,0.0,0.0
2022-04-19,0.0,0.0,0.0,0.0,0.0,8.083333333333334,0.0,0.0
2022-04-20,0.0,0.0,0.0,0.0,0.0,8.083333333333334,0.0,0.0
2022-04-21,0.0,0.0,0.0,0.0,0.0,8.08361111111111,0.0,0.0
2022-04-22,0.0,0.0,0.0,0.0,0.0,8.013055555555555,0.0,0.0
2022-04-23,0.0,0.0,0.0,0.0,0.0,7.6275,0.0,0.0
2022-04-24,0.0,0.0,0.0,0.0,0.0,8.083333333333334,0.0,0.0
2022-04-25,0.0,0.0,0.0,0.0,0.0,7.321666666666666,0.0,0.0
2022-04-26,0.0,0.0,0.0,0.0,0.0,8.083333333333334,0.0,0.0
2022-04-27,0.0,0.0,0.0,0.0,0.0,8.083333333333334,0.0,0.0
2022-04-28,0.0,0.0,0.0,0.0,0.0,8.083333333333334,0.0,0.0
2022-04-29,0.0,0.0,0.0,0.0,0.0,8.083333333333334,0.0,0.0
2022-04-30,0.0,0.0,0.0,0.0,0.0,5.912222222222222,0.0,0.0
2022-05-01,0.0,0.0,0.0,0.0,0.0,6.378055555555555,0.0,0.0
2022-05-02,0.0,0.0,0.0,0.0,0.0,8.08388888888889,0.0,0.0
2022-05-03,0.0,0.0,0.0,0.0,0.0,8.083333333333334,0.0,0.0
2022-05-04,0.0,0.0,0.0,0.0,0.0,7.325555555555556,0.0,0.0
2022-05-05,0.0,0.0,0.0,0.0,0.0,7.800833333333333,0.0,0.0
2022-05-06,0.0,0.0,0.0,0.0,0.0,7.416944444444445,0.0,0.0
2022-05-07,0.0,0.0,0.0,0.0,0.0,7.759444444444444,0.0,0.0
2022-05-08,0.0,0.0,0.0,0.0,0.0,7.0841666666666665,0.0,0.0
2022-05-09,0.0,0.0,0.0,0.0,0.0,8.036111111111111,0.0,0.0
2022-05-10,0.0,0.0,0.0,0.0,0.0,6.798333333333333,0.0,0.0
2022-05-11,0.0,0.0,0.0,0.0,0.0,8.083333333333334,0.0,0.0
2022-05-12,0.0,0.0,0.0,0.0,0.0,8.08361111111111,0.0,0.0
2022-05-13,0.0,0.0,0.0,0.0,0.0,7.135833333333333,0.0,0.0
2022-05-14,0.0,0.0,0.0,0.0,0.0,7.6563888888888885,0.0,0.0
2022-05-15,0.0,0.0,0.0,0.0,0.0,7.1947222222222225,0.0,0.0
2022-05-16,0.0,0.0,0.0,0.0,0.0,8.083333333333334,0.0,0.0
2022-05-17,0.0,0.0,0.0,0.0,0.0,8.08388888888889,0.0,0.0
2022-05-18,0.0,0.0,0.0,0.0,0.0,5.510277777777778,0.0,0.0
2022-05-19,0.0,0.0,0.0,0.0,0.0,8.08361111111111,0.0,0.0
2022-05-20,0.0,0.0,0.0,0.0,0.0,7.832777777777777,0.0,0.0
2022-05-21,0.0,0.0,0.0,0.0,0.0,8.083333333333334,0.0,0.0
2022-05-22,0.0,0.0,0.0,0.0,0.0,7.355277777777777,0.0,0.0
2022-05-23,0.0,0.0,0.0,0.0,0.0,8.08388888888889,0.0,0.0
2022-05-24,0.0,0.0,0.0,0.0,0.0,8.083333333333334,0.0,0.0
2022-05-25,0.0,0.0,0.0,0.0,0.0,8.08361111111111,0.0,0.0
2022-05-26,0.0,0.0,0.0,0.0,0.0,7.138333333333334,0.0,0.0
2022-05-27,0.0,0.0,0.0,0.0,0.0,8.08361111111111,0.0,0.0
2022-05-28,0.0,0.0,0.0,0.0,0.0,8.08361111111111,0.0,0.0
2022-05-29,0.0,0.0,0.0,0.0,0.0,8.083333333333334,0.0,0.0
2022-05-30,0.0,0.0,0.0,0.0,0.0,8.083333333333334,0.0,0.0
2022-05-31,0.0,0.0,0.0,0.0,0.0,8.08388888888889,0.0,0.0
2022-06-01,0.0,0.0,0.0,0.0,0.0,8.038611111111111,0.0,0.0
2022-06-02,0.0,0.0,0.0,0.0,0.0,8.08361111111111,0.0,0.0
2022-06-03,0.0,0.0,0.0,0.0,0.0,7.824166666666667,0.0,0.0
2022-06-04,0.0,0.0,0.0,0.0,0.0,7.581666666666667,0.0,0.0
2022-06-05,0.0,0.0,0.0,0.0,0.0,7.196666666666666,0.0,0.0
2022-06-06,0.0,0.0,0.0,0.0,0.0,7.7058333333333335,0.0,0.0
2022-06-07,0.0,0.0,0.0,0.0,0.0,7.586944444444445,0.0,0.0
2022-06-08,0.0,0.0,0.0,0.0,0.0,7.425833333333333,0.0,0.0
2022-06-09,0.0,0.0,0.0,0.0,0.0,8.083333333333334,0.0,0.0
2022-06-10,0.0,0.0,0.0,0.0,0.0,8.08361111111111,0.0,0.0
2022-06-11,0.0,0.0,0.0,0.0,0.0,8.08361111111111,0.0,0.0
2022-06-12,0.0,0.0,0.0,0.0,0.0,4.473611111111111,0.0,0.0
2022-06-13,0.0,0.0,0.0,0.0,0.0,8.083333333333334,0.0,0.0
2022-06-14,0.0,0.0,0.0,0.0,0.0,7.210555555555556,0.0,0.0
2022-06-15,0.0,0.0,0.0,0.0,0.0,7.940833333333333,0.0,0.0
2022-06-16,0.0,0.0,0.0,0.0,0.0,7.916666666666667,0.0,0.0
2022-06-17,0.0,0.0,0.0,0.0,0.0,8.08388888888889,0.0,0.0
2022-06-18,0.0,0.0,0.0,0.0,0.0,8.08361111111111,0.0,0.0
2022-06-19,0.0,0.0,0.0,0.0,0.0,7.148888888888889,0.0,0.0
2022-06-20,0.0,0.0,0.0,0.0,0.0,8.046388888888888,0.0,0.0
2022-06-21,0.0,0.0,0.0,0.0,0.0,8.08388888888889,0.0,0.0
2022-06-22,0.0,0.0,0.0,0.0,0.0,8.083333333333334,0.0,0.0
2022-06-23,0.0,0.0,0.0,0.0,0.0,8.083333333333334,0.0,0.0
2022-06-24,0.0,0.0,0.0,0.0,0.0,7.098888888888889,0.0,0.0
2022-06-25,0.0,0.0,0.0,0.0,0.0,8.014444444444445,0.0,0.0
2022-06-26,0.0,0.0,0.0,0.0,0.0,7.9847222222222225,0.0,0.0
2022-06-27,0.0,0.0,0.0,0.0,0.0,8.08361111111111,0.0,0.0
2022-06-28,0.0,0.0,0.0,0.0,0.0,8.075,0.0,0.0
2022-06-29,0.0,0.0,0.0,0.0,0.0,7.120833333333334,0.0,0.0
2022-06-30,0.0,0.0,0.0,0.0,0.0,8.083333333333334,0.0,0.0
2022-07-01,0.0,0.0,0.0,0.0,0.0,7.808055555555556,0.0,0.0
2022-07-02,0.0,0.0,0.0,0.0,0.0,8.083333333333334,0.0,0.0
2022-07-03,0.0,0.0,0.0,0.0,0.0,8.012222222222222,0.0,0.0
2022-07-04,0.0,0.0,0.0,0.0,0.0,8.083333333333334,0.0,0.0
2022-07-05,0.0,0.0,0.0,0.0,0.0,8.08361111111111,0.0,0.0
2022-07-06,0.0,0.0,0.0,0.0,0.0,7.230277777777777,0.0,0.0
2022-07-07,0.0,0.0,0.0,0.0,0.0,8.08361111111111,0.0,0.0
2022-07-08,0.0,0.0,0.0,0.0,0.0,7.8325,0.0,0.0
2022-07-09,0.0,0.0,0.0,0.0,0.0,8.08361111111111,0.0,0.0
2022-07-10,0.0,0.0,0.0,0.0,0.0,7.128055555555555,0.0,0.0
2022-07-11,0.0,0.0,0.0,0.0,0.0,7.5136111111111115,0.0,0.0
2022-07-12,0.0,0.0,0.0,0.0,0.0,8.03138888888889,0.0,0.0
2022-07-13,0.0,0.0,0.0,0.0,0.0,7.569722222222222,0.0,0.0
2022-07-14,0.0,0.0,0.0,0.0,0.0,8.028333333333334,0.0,0.0
2022-07-15,0.0,0.0,0.0,0.0,0.0,8.08361111111111,0.0,0.0
2022-07-16,0.0,0.0,0.0,0.0,0.0,8.08361111111111,0.0,0.0
2022-07-17,0.0,0.0,0.0,0.0,0.0,7.108333333333333,0.0,0.0
2022-07-18,0.0,0.0,0.0,0.0,0.0,8.08388888888889,0.0,0.0
2022-07-19,0.0,0.0,0.0,0.0,0.0,8.066666666666666,0.0,0.0
2022-07-20,0.0,0.0,0.0,0.0,0.0,7.144722222222223,0.0,0.0
2022-07-21,0.0,0.0,0.0,0.0,0.0,7.273333333333333,0.0,0.0
2022-07-22,0.0,0.0,0.0,0.0,0.0,8.083333333333334,0.0,0.0
2022-07-23,0.0,0.0,0.0,0.0,0.0,8.08361111111111,0.0,0.0
2022-07-24,0.0,0.0,0.0,0.0,0.0,8.055277777777778,0.0,0.0
2022-07-25,0.0,0.0,0.0,0.0,0.0,8.026944444444444,0.0,0.0
2022-07-26,0.0,0.0,0.0,0.0,0.0,8.08361111111111,0.0,0.0
2022-07-27,0.0,0.0,0.0,0.0,0.0,8.08361111111111,0.0,0.0
2022-07-28,0.0,0.0,0.0,0.0,0.0,8.08388888888889,0.0,0.0
2022-07-29,0.0,0.0,0.0,0.0,0.0,8.08361111111111,0.0,0.0
2022-07-30,0.0,0.0,0.0,0.0,0.0,8.083333333333334,0.0,0.0
2022-07-31,0.0,0.0,0.0,0.0,0.0,8.08361111111111,0.0,0.0
2022-08-01,0.0,0.0,0.0,0.0,0.0,8.08388888888889,0.0,0.0
2022-08-02,0.0,0.0,0.0,0.0,0.0,5.555833333333333,0.0,0.0
2022-08-03,0.0,0.0,0.0,0.0,0.0,8.08388888888889,0.0,0.0
2022-08-04,0.0,0.0,0.0,0.0,0.0,8.08361111111111,0.0,0.0
2022-08-05,0.0,0.0,0.0,0.0,0.0,8.02138888888889,0.0,0.0
2022-08-06,0.0,0.0,0.0,0.0,0.0,7.254444444444444,0.0,0.0
2022-08-07,0.0,0.0,0.0,0.0,0.0,6.8661111111111115,0.0,0.0
2022-08-08,0.0,0.0,0.0,0.0,0.0,8.083333333333334,0.0,0.0
2022-08-09,0.0,0.0,0.0,0.0,0.0,7.9863888888888885,0.0,0.0
2022-08-10,0.0,0.0,0.0,0.0,0.0,7.155,0.0,0.0
2022-08-11,0.0,0.0,0.0,0.0,0.0,8.08361111111111,0.0,0.0
2022-08-12,0.0,0.0,0.0,0.0,0.0,8.083333333333334,0.0,0.0
2022-08-13,0.0,0.0,0.0,0.0,0.0,8.08361111111111,0.0,0.0
2022-08-14,0.0,0.0,0.0,0.0,0.0,8.083333333333334,0.0,0.0
2022-08-15,0.0,0.0,0.0,0.0,0.0,8.083333333333334,0.0,0.0
2022-08-16,0.0,0.0,0.0,0.0,0.0,6.775555555555556,0.0,0.0
2022-08-17,0.0,0.0,0.0,0.0,0.0,7.638888888888889,0.0,0.0
2022-08-18,0.0,0.0,0.0,0.0,0.0,7.589444444444444,0.0,0.0
2022-08-19,0.0,0.0,0.0,0.0,0.0,8.08361111111111,0.0,0.0
2022-08-20,0.0,0.0,0.0,0.0,0.0,8.083333333333334,0.0,0.0
2022-08-21,0.0,0.0,0.0,0.0,0.0,7.753888888888889,0.0,0.0
2022-08-22,0.0,0.0,0.0,0.0,0.0,8.083333333333334,0.0,0.0
2022-08-23,0.0,0.0,0.0,0.0,0.0,8.083333333333334,0.0,0.0
2022-08-24,0.0,0.0,0.0,0.0,0.0,7.355,0.0,0.0
2022-08-25,0.0,0.0,0.0,0.0,0.0,8.077777777777778,0.0,0.0
2022-08-26,0.0,0.0,0.0,0.0,0.0,6.503611111111111,0.0,0.0
2022-08-27,0.0,0.0,0.0,0.0,0.0,6.856388888888889,0.0,0.0
2022-08-28,0.0,0.0,0.0,0.0,0.0,7.098888888888889,0.0,0.0
2022-08-29,0.0,0.0,0.0,0.0,0.0,8.08361111111111,0.0,0.0
2022-08-30,0.0,0.0,0.0,0.0,0.0,8.08361111111111,0.0,0.0
2022-08-31,0.0,0.0,0.0,0.0,0.0,8.08388888888889,0.0,0.0
2022-09-01,0.0,0.0,0.0,0.0,0.0,8.08361111111111,0.0,0.0
2022-09-02,0.0,0.0,0.0,0.0,0.0,8.08388888888889,0.0,0.0
2022-09-03,0.0,0.0,0.0,0.0,0.0,8.083333333333334,0.0,0.0
2022-09-04,0.0,0.0,0.0,0.0,0.0,7.929722222222222,0.0,0.0
2022-09-05,0.0,0.0,0.0,0.0,0.0,4.3677777777777775,0.0,0.0
2022-09-06,0.0,0.0,0.0,0.0,0.0,8.083333333333334,0.0,0.0
2022-09-07,0.0,0.0,0.0,0.0,0.0,8.08361111111111,0.0,0.0
2022-09-08,0.0,0.0,0.0,0.0,0.0,7.899444444444445,0.0,0.0
2022-09-09,0.0,0.0,0.0,0.0,0.0,6.860833333333333,0.0,0.0
2022-09-10,0.0,0.0,0.0,0.0,0.0,8.08361111111111,0.0,0.0
2022-09-11,0.0,0.0,0.0,0.0,0.0,7.132777777777778,0.0,0.0
2022-09-12,0.0,0.0,0.0,0.0,0.0,7.315555555555555,0.0,0.0
2022-09-13,0.0,0.0,0.0,0.0,0.0,8.083333333333334,0.0,0.0
2022-09-14,0.0,0.0,0.0,0.0,0.0,8.08361111111111,0.0,0.0
2022-09-15,0.0,0.0,0.0,0.0,0.0,8.083333333333334,0.0,0.0
2022-09-16,0.0,0.0,0.0,0.0,0.0,8.083333333333334,0.0,0.0
2022-09-17,0.0,0.0,0.0,0.0,0.0,8.08361111111111,0.0,0.0
2022-09-18,0.0,0.0,0.0,0.0,0.0,7.089722222222222,0.0,0.0
2022-09-19,0.0,0.0,0.0,0.0,0.0,7.767222222222222,0.0,0.0
2022-09-20,0.0,0.0,0.0,0.0,0.0,8.083333333333334,0.0,0.0
2022-09-21,0.0,0.0,0.0,0.0,0.0,8.08361111111111,0.0,0.0
2022-09-22,0.0,0.0,0.0,0.0,0.0,8.08361111111111,0.0,0.0
2022-09-23,0.0,0.0,0.0,0.0,0.0,6.699722222222222,0.0,0.0
2022-09-24,0.0,0.0,0.0,0.0,0.0,7.2811111111111115,0.0,0.0
2022-09-25,0.0,0.0,0.0,0.0,0.0,7.1525,0.0,0.0
2022-09-26,0.0,0.0,0.0,0.0,0.0,8.08361111111111,0.0,0.0
2022-09-27,0.0,0.0,0.0,0.0,0.0,7.875555555555556,0.0,0.0
2022-09-28,0.0,0.0,0.0,0.0,0.0,8.083333333333334,0.0,0.0
2022-09-29,0.0,0.0,0.0,0.0,0.0,8.08361111111111,0.0,0.0
2022-09-30,0.0,0.0,0.0,0.0,0.0,8.083333333333334,0.0,0.0
2022-10-01,0.0,0.0,0.0,0.0,0.0,7.668055555555555,0.0,0.0
2022-10-02,0.0,0.0,0.0,0.0,0.0,8.083333333333334,0.0,0.0
2022-10-03,0.0,0.0,0.0,0.0,0.0,14.325555555555555,0.0,0.0
2022-10-04,0.0,0.0,0.0,0.0,0.0,8.083333333333334,0.0,0.0
2022-10-05,0.0,0.0,0.0,0.0,0.0,8.083333333333334,0.0,0.0
2022-10-06,0.0,0.0,0.0,0.0,0.0,8.083333333333334,0.0,0.0
2022-10-07,0.0,0.0,0.0,0.0,0.0,8.083333333333334,0.0,0.0
2022-10-08,0.0,0.0,0.0,0.0,0.0,8.083333333333334,0.0,0.0
2022-10-09,0.0,0.0,0.0,0.0,0.0,8.083333333333334,0.0,0.0
2022-10-10,0.0,0.0,0.0,0.0,0.0,8.083333333333334,0.0,0.0
2022-10-11,0.0,0.0,0.0,0.0,0.0,8.083333333333334,0.0,0.0
2022-10-12,0.0,0.0,0.0,0.0,0.0,8.083333333333334,0.0,0.0
2022-10-13,0.0,0.0,0.0,0.0,0.0,8.083333333333334,0.0,0.0
2022-10-14,0.0,0.0,0.0,0.0,0.0,8.083333333333334,0.0,0.0
2022-10-15,0.0,0.0,0.0,0.0,0.0,8.083333333333334,0.0,0.0
2022-10-16,0.0,0.0,0.0,0.0,0.0,8.083333333333334,0.0,0.0
2022-10-17,0.0,0.0,0.0,0.0,0.0,7.427222222222222,0.0,0.0
2022-10-18,0.0,0.0,0.0,0.0,0.0,6.667777777777777,0.0,0.0
2022-10-19,0.0,0.0,0.0,0.0,0.0,6.930555555555555,0.0,0.0
2022-10-20,0.0,0.0,0.0,0.0,0.0,8.08361111111111,0.0,0.0
2022-10-21,0.0,0.0,0.0,0.0,0.0,7.266666666666667,0.0,0.0
2022-10-22,0.0,0.0,0.0,0.0,0.0,8.083333333333334,0.0,0.0
2022-10-23,0.0,0.0,0.0,0.0,0.0,7.150555555555556,0.0,0.0
2022-10-24,0.0,0.0,0.0,0.0,0.0,7.175833333333333,0.0,0.0
2022-10-25,0.0,0.0,0.0,0.0,0.0,7.669444444444444,0.0,0.0
2022-10-26,0.0,0.0,0.0,0.0,0.0,6.269444444444445,0.0,0.0
2022-10-27,0.0,0.0,0.0,0.0,0.0,8.08361111111111,0.0,0.0
2022-10-28,0.0,0.0,0.0,0.0,0.0,8.083333333333334,0.0,0.0
2022-10-29,0.0,0.0,0.0,0.0,0.0,8.083333333333334,0.0,0.0
2022-10-30,0.0,0.0,0.0,0.0,0.0,8.08361111111111,0.0,0.0
2022-10-31,0.0,0.0,0.0,0.0,0.0,8.08361111111111,0.0,0.0
2022-11-01,0.0,0.0,0.0,0.0,0.0,8.033333333333333,0.0,0.0
2022-11-02,0.0,0.0,0.0,0.0,0.0,7.887777777777777,0.0,0.0
2022-11-03,0.0,0.0,0.0,0.0,0.0,8.083333333333334,0.0,0.0
2022-11-04,0.0,0.0,0.0,0.0,0.0,8.08388888888889,0.0,0.0
2022-11-05,0.0,0.0,0.0,0.0,0.0,9.08361111111111,0.0,0.0
2022-11-06,0.0,0.0,0.0,0.0,0.0,7.600555555555555,0.0,0.0
2022-11-07,0.0,0.0,0.0,0.0,0.0,7.906666666666666,0.0,0.0
2022-11-08,0.0,0.0,0.0,0.0,0.0,7.098055555555556,0.0,0.0
2022-11-09,0.0,0.0,0.0,0.0,0.0,7.911388888888889,0.0,0.0
2022-11-10,0.0,0.0,0.0,0.0,0.0,8.083333333333334,0.0,0.0
2022-11-11,0.0,0.0,0.0,0.0,0.0,3.1794444444444445,0.0,0.0
2022-11-12,0.0,0.0,0.0,0.0,0.0,7.746944444444445,0.0,0.0
2022-11-13,0.0,0.0,0.0,0.0,0.0,8.08388888888889,0.0,0.0
2022-11-14,0.0,0.0,0.0,0.0,0.0,8.083333333333334,0.0,0.0
2022-11-15,0.0,0.0,0.0,0.0,0.0,8.08388888888889,0.0,0.0
2022-11-16,0.0,0.0,0.0,0.0,0.0,7.3886111111111115,0.0,0.0
2022-11-17,0.0,0.0,0.0,0.0,0.0,7.976666666666667,0.0,0.0
2022-11-18,0.0,0.0,0.0,0.0,0.0,8.083333333333334,0.0,0.0
2022-11-19,0.0,0.0,0.0,0.0,0.0,8.083333333333334,0.0,0.0
2022-11-20,0.0,0.0,0.0,0.0,0.0,8.08361111111111,0.0,0.0
2022-11-21,0.0,0.0,0.0,0.0,0.0,8.083333333333334,0.0,0.0
2022-11-22,0.0,0.0,0.0,0.0,0.0,7.946666666666666,0.0,0.0
2022-11-23,0.0,0.0,0.0,0.0,0.0,7.525833333333333,0.0,0.0
2022-11-24,0.0,0.0,0.0,0.0,0.0,6.772777777777778,0.0,0.0
2022-11-25,0.0,0.0,0.0,0.0,0.0,7.934166666666667,0.0,0.0
2022-11-26,0.0,0.0,0.0,0.0,0.0,8.08388888888889,0.0,0.0
2022-11-27,0.0,0.0,0.0,0.0,0.0,7.868055555555555,0.0,0.0
2022-11-28,0.0,0.0,0.0,0.0,0.0,7.894166666666667,0.0,0.0
2022-11-29,0.0,0.0,0.0,0.0,0.0,7.644722222222223,0.0,0.0
2022-11-30,0.0,0.0,0.0,0.0,0.0,8.008611111111112,0.0,0.0
2022-12-01,0.0,0.0,0.0,0.0,0.0,8.08361111111111,0.0,0.0
2022-12-02,0.0,0.0,0.0,0.0,0.0,8.083333333333334,0.0,0.0
2022-12-03,0.0,0.0,0.0,0.0,0.0,7.295555555555556,0.0,0.0
2022-12-04,0.0,0.0,0.0,0.0,0.0,7.165555555555556,0.0,0.0
2022-12-05,0.0,0.0,0.0,0.0,0.0,8.08361111111111,0.0,0.0
2022-12-06,0.0,0.0,0.0,0.0,0.0,7.3925,0.0,0.0
2022-12-07,0.0,0.0,0.0,0.0,0.0,7.745277777777778,0.0,0.0
2022-12-08,0.0,0.0,0.0,0.0,0.0,7.853055555555556,0.0,0.0
2022-12-09,0.0,0.0,0.0,0.0,0.0,7.627777777777778,0.0,0.0
2022-12-10,0.0,0.0,0.0,0.0,0.0,7.63,0.0,0.0
2022-12-11,0.0,0.0,0.0,0.0,0.0,7.497222222222222,0.0,0.0
2022-12-12,0.0,0.0,0.0,0.0,0.0,7.576666666666667,0.0,0.0
2022-12-13,0.0,0.0,0.0,0.0,0.0,7.644722222222223,0.0,0.0
2022-12-14,0.0,0.0,0.0,0.0,0.0,7.824444444444444,0.0,0.0
2022-12-15,0.0,0.0,0.0,0.0,0.0,7.3225,0.0,0.0
2022-12-16,0.0,0.0,0.0,0.0,0.0,8.08388888888889,0.0,0.0
2022-12-17,0.0,0.0,0.0,0.0,0.0,8.083333333333334,0.0,0.0
2022-12-18,0.0,0.0,0.0,0.0,0.0,8.025833333333333,0.0,0.0
2022-12-19,0.0,0.0,0.0,0.0,0.0,7.124444444444444,0.0,0.0
2022-12-20,0.0,0.0,0.0,0.0,0.0,8.084444444444445,0.0,0.0
2022-12-21,0.0,0.0,0.0,0.0,0.0,8.08361111111111,0.0,0.0
2022-12-22,0.0,0.0,0.0,0.0,0.0,8.08361111111111,0.0,0.0
2022-12-23,0.0,0.0,0.0,0.0,0.0,8.026944444444444,0.0,0.0
2022-12-24,0.0,0.0,0.0,0.0,0.0,7.6322222222222225,0.0,0.0
2022-12-25,0.0,0.0,0.0,0.0,0.0,7.813055555555556,0.0,0.0
2022-12-26,0.0,0.0,0.0,0.0,0.0,7.022222222222222,0.0,0.0
2022-12-27,0.0,0.0,0.0,0.0,0.0,7.981111111111112,0.0,0.0
2022-12-28,0.0,0.0,0.0,0.0,0.0,8.083333333333334,0.0,0.0
2022-12-29,0.0,0.0,0.0,0.0,0.0,8.083333333333334,0.0,0.0
2022-12-30,0.0,0.0,0.0,0.0,0.0,8.083333333333334,0.0,0.0
2022-12-31,0.0,0.0,0.0,0.0,0.0,7.530555555555556,0.0,0.0
2023-01-01,0.0,0.0,0.0,0.0,0.0,8.083333333333334,0.0,0.0
2023-01-02,0.0,0.0,0.0,0.0,0.0,8.083333333333334,0.0,0.0
2023-01-03,0.0,0.0,0.0,0.0,0.0,8.083333333333334,0.0,0.0
2023-01-04,0.0,0.0,0.0,0.0,0.0,8.08361111111111,0.0,0.0
2023-01-05,0.0,0.0,0.0,0.0,0.0,8.08361111111111,0.0,0.0
2023-01-06,0.0,0.0,0.0,0.0,0.0,8.08361111111111,0.0,0.0
2023-01-07,0.0,0.0,0.0,0.0,0.0,8.08361111111111,0.0,0.0
2023-01-08,0.0,0.0,0.0,0.0,0.0,7.642777777777778,0.0,0.0
2023-01-09,0.0,0.0,0.0,0.0,0.0,6.499722222222222,0.0,0.0
2023-01-10,0.0,0.0,0.0,0.0,0.0,8.08361111111111,0.0,0.0
2023-01-11,0.0,0.0,0.0,0.0,0.0,7.9511111111111115,0.0,0.0
2023-01-12,0.0,0.0,0.0,0.0,0.0,8.08361111111111,0.0,0.0
2023-01-13,0.0,0.0,0.0,0.0,0.0,7.069166666666667,0.0,0.0
2023-01-14,0.0,0.0,0.0,0.0,0.0,7.0072222222222225,0.0,0.0
2023-01-15,0.0,0.0,0.0,0.0,0.0,7.965833333333334,0.0,0.0
2023-01-16,0.0,0.0,0.0,0.0,0.0,8.08361111111111,0.0,0.0
2023-01-17,0.0,0.0,0.0,0.0,0.0,8.083333333333334,0.0,0.0
2023-01-18,0.0,0.0,0.0,0.0,0.0,8.08361111111111,0.0,0.0
2023-01-19,0.0,0.0,0.0,0.0,0.0,8.083333333333334,0.0,0.0
2023-01-20,0.0,0.0,0.0,0.0,0.0,8.08361111111111,0.0,0.0
2023-01-21,0.0,0.0,0.0,0.0,0.0,8.08388888888889,0.0,0.0
2023-01-22,0.0,0.0,0.0,0.0,0.0,7.856944444444444,0.0,0.0
2023-01-23,0.0,0.0,0.0,0.0,0.0,7.678055555555556,0.0,0.0
2023-01-24,0.0,0.0,0.0,0.0,0.0,8.08361111111111,0.0,0.0
2023-01-25,0.0,0.0,0.0,0.0,0.0,8.083333333333334,0.0,0.0
2023-01-26,0.0,0.0,0.0,0.0,0.0,7.808333333333334,0.0,0.0
2023-01-27,0.0,0.0,0.0,0.0,0.0,8.083333333333334,0.0,0.0
2023-01-28,0.0,0.0,0.0,0.0,0.0,8.083333333333334,0.0,0.0
2023-01-29,0.0,0.0,0.0,0.0,0.0,8.083333333333334,0.0,0.0
2023-01-30,0.0,0.0,0.0,0.0,0.0,7.7125,0.0,0.0
2023-01-31,0.0,0.0,0.0,0.0,0.0,8.027222222222221,0.0,0.0
2023-02-01,0.0,0.0,0.0,0.0,0.0,7.857222222222222,0.0,0.0
2023-02-02,0.0,0.0,0.0,0.0,0.0,7.7825,0.0,0.0
2023-02-03,0.0,0.0,0.0,0.0,0.0,7.5575,0.0,0.0
2023-02-04,0.0,0.0,0.0,0.0,0.0,8.083333333333334,0.0,0.0
2023-02-05,0.0,0.0,0.0,0.0,0.0,8.083333333333334,0.0,0.0
2023-02-06,0.0,0.0,0.0,0.0,0.0,8.083333333333334,0.0,0.0
2023-02-07,0.0,0.0,0.0,0.0,0.0,8.083333333333334,0.0,0.0
2023-02-08,0.0,0.0,0.0,0.0,0.0,7.900277777777778,0.0,0.0
2023-02-09,0.0,0.0,0.0,0.0,0.0,8.005,0.0,0.0
2023-02-10,0.0,0.0,0.0,0.0,0.0,8.083333333333334,0.0,0.0
2023-02-11,0.0,0.0,0.0,0.0,0.0,7.962777777777777,0.0,0.0
2023-02-12,0.0,0.0,0.0,0.0,0.0,7.223333333333334,0.0,0.0
2023-02-13,0.0,0.0,0.0,0.0,0.0,7.487777777777778,0.0,0.0
2023-02-14,0.0,0.0,0.0,0.0,0.0,8.08388888888889,0.0,0.0
2023-02-15,0.0,0.0,0.0,0.0,0.0,8.08361111111111,0.0,0.0
2023-02-16,0.0,0.0,0.0,0.0,0.0,8.04888888888889,0.0,0.0
2023-02-17,0.0,0.0,0.0,0.0,0.0,8.08388888888889,0.0,0.0
2023-02-18,0.0,0.0,0.0,0.0,0.0,8.08361111111111,0.0,0.0
2023-02-19,0.0,0.0,0.0,0.0,0.0,8.083333333333334,0.0,0.0
2023-02-20,0.0,0.0,0.0,0.0,0.0,8.032499999999999,0.0,0.0
2023-02-21,0.0,0.0,0.0,0.0,0.0,7.891111111111111,0.0,0.0
2023-02-22,0.0,0.0,0.0,0.0,0.0,7.848055555555556,0.0,0.0
2023-02-23,0.0,0.0,0.0,0.0,0.0,7.856111111111111,0.0,0.0
2023-02-24,0.0,0.0,0.0,0.0,0.0,8.083333333333334,0.0,0.0
2023-02-25,0.0,0.0,0.0,0.0,0.0,8.08361111111111,0.0,0.0
2023-02-26,0.0,0.0,0.0,0.0,0.0,7.865833333333334,0.0,0.0
2023-02-27,0.0,0.0,0.0,0.0,0.0,8.08388888888889,0.0,0.0
2023-02-28,0.0,0.0,0.0,0.0,0.0,8.08388888888889,0.0,0.0
2023-03-01,0.0,0.0,0.0,0.0,0.0,8.08388888888889,0.0,0.0
2023-03-02,0.0,0.0,0.0,0.0,0.0,7.981388888888889,0.0,0.0
2023-03-03,0.0,0.0,0.0,0.0,0.0,8.08388888888889,0.0,0.0
2023-03-04,0.0,0.0,0.0,0.0,0.0,8.083333333333334,0.0,0.0
2023-03-05,0.0,0.0,0.0,0.0,0.0,7.528333333333333,0.0,0.0
2023-03-06,0.0,0.0,0.0,0.0,0.0,8.083333333333334,0.0,0.0
2023-03-07,0.0,0.0,0.0,0.0,0.0,8.08388888888889,0.0,0.0
2023-03-08,0.0,0.0,0.0,0.0,0.0,8.08388888888889,0.0,0.0
2023-03-09,0.0,0.0,0.0,0.0,0.0,8.08361111111111,0.0,0.0
2023-03-10,0.0,0.0,0.0,0.0,0.0,7.440277777777778,0.0,0.0
2023-03-11,0.0,0.0,0.0,0.0,0.0,7.076388888888889,0.0,0.0
2023-03-12,0.0,0.0,0.0,0.0,0.0,7.198055555555555,0.0,0.0
2023-03-13,0.0,0.0,0.0,0.0,0.0,7.530277777777778,0.0,0.0
2023-03-14,0.0,0.0,0.0,0.0,0.0,8.08388888888889,0.0,0.0
2023-03-15,0.0,0.0,0.0,0.0,0.0,8.083333333333334,0.0,0.0
2023-03-16,0.0,0.0,0.0,0.0,0.0,8.08388888888889,0.0,0.0
2023-03-17,0.0,0.0,0.0,0.0,0.0,8.08388888888889,0.0,0.0
2023-03-18,0.0,0.0,0.0,0.0,0.0,8.08388888888889,0.0,0.0
2023-03-19,0.0,0.0,0.0,0.0,0.0,7.305833333333333,0.0,0.0
2023-03-20,0.0,0.0,0.0,0.0,0.0,8.026666666666667,0.0,0.0
2023-03-21,0.0,0.0,0.0,0.0,0.0,8.08388888888889,0.0,0.0
2023-03-22,0.0,0.0,0.0,0.0,0.0,8.08388888888889,0.0,0.0
2023-03-23,0.0,0.0,0.0,0.0,0.0,8.08388888888889,0.0,0.0
2023-03-24,0.0,0.0,0.0,0.0,0.0,8.08388888888889,0.0,0.0
2023-03-25,0.0,0.0,0.0,0.0,0.0,8.08388888888889,0.0,0.0
2023-03-26,0.0,0.0,0.0,0.0,0.0,7.658055555555555,0.0,0.0
2023-03-27,0.0,0.0,0.0,0.0,0.0,7.995833333333334,0.0,0.0
2023-03-28,0.0,0.0,0.0,0.0,0.0,7.554166666666666,0.0,0.0
2023-03-29,0.0,0.0,0.0,0.0,0.0,8.08388888888889,0.0,0.0
2023-03-30,0.0,0.0,0.0,0.0,0.0,8.08388888888889,0.0,0.0
2023-03-31,0.0,0.0,0.0,0.0,0.0,8.084166666666667,0.0,0.0
2023-04-01,0.0,0.0,0.0,0.0,0.0,8.08388888888889,0.0,0.0
2023-04-02,0.0,0.0,0.0,0.0,0.0,6.8625,0.0,0.0
2023-04-03,0.0,0.0,0.0,0.0,0.0,8.08388888888889,0.0,0.0
2023-04-04,0.0,0.0,0.0,0.0,0.0,8.08388888888889,0.0,0.0
2023-04-05,0.0,0.0,0.0,0.0,0.0,8.083333333333334,0.0,0.0
2023-04-06,0.0,0.0,0.0,0.0,0.0,7.663333333333333,0.0,0.0
2023-04-07,0.0,0.0,0.0,0.0,0.0,8.08388888888889,0.0,0.0
2023-04-08,0.0,0.0,0.0,0.0,0.0,8.08388888888889,0.0,0.0
2023-04-09,0.0,0.0,0.0,0.0,0.0,8.063055555555556,0.0,0.0
2023-04-10,0.0,0.0,0.0,0.0,0.0,7.076944444444444,0.0,0.0
2023-04-11,0.0,0.0,0.0,0.0,0.0,8.083333333333334,0.0,0.0
2023-04-12,0.0,0.0,0.0,0.0,0.0,7.764722222222222,0.0,0.0
2023-04-13,0.0,0.0,0.0,0.0,0.0,8.08388888888889,0.0,0.0
2023-04-14,0.0,0.0,0.0,0.0,0.0,7.565277777777778,0.0,0.0
2023-04-15,0.0,0.0,0.0,0.0,0.0,8.083333333333334,0.0,0.0
2023-04-16,0.0,0.0,0.0,0.0,0.0,7.996388888888889,0.0,0.0
2023-04-17,0.0,0.0,0.0,0.0,0.0,8.084166666666667,0.0,0.0
2023-04-18,0.0,0.0,0.0,0.0,0.0,8.08388888888889,0.0,0.0
2023-04-19,0.0,0.0,0.0,0.0,0.0,8.08388888888889,0.0,0.0
2023-04-20,0.0,0.0,0.0,0.0,0.0,8.083333333333334,0.0,0.0
2023-04-21,0.0,0.0,0.0,0.0,0.0,8.08388888888889,0.0,0.0
2023-04-22,0.0,0.0,0.0,0.0,0.0,8.08388888888889,0.0,0.0
2023-04-23,0.0,0.0,0.0,0.0,0.0,7.771944444444444,0.0,0.0
2023-04-24,0.0,0.0,0.0,0.0,0.0,8.083333333333334,0.0,0.0
2023-04-25,0.0,0.0,0.0,0.0,0.0,8.083333333333334,0.0,0.0
2023-04-26,0.0,0.0,0.0,0.0,0.0,8.083333333333334,0.0,0.0
2023-04-27,0.0,0.0,0.0,0.0,0.0,8.08361111111111,0.0,0.0
2023-04-28,0.0,0.0,0.0,0.0,0.0,8.083333333333334,0.0,0.0
2023-04-29,0.0,0.0,0.0,0.0,0.0,8.08388888888889,0.0,0.0
2023-04-30,0.0,0.0,0.0,0.0,0.0,8.08361111111111,0.0,0.0
2023-05-01,0.0,0.0,0.0,0.0,0.0,7.232777777777778,0.0,0.0
2023-05-02,0.0,0.0,0.0,0.0,0.0,8.083333333333334,0.0,0.0
2023-05-03,0.0,0.0,0.0,0.0,0.0,8.083333333333334,0.0,0.0
2023-05-04,0.0,0.0,0.0,0.0,0.0,7.398611111111111,0.0,0.0
2023-05-05,0.0,0.0,0.0,0.0,0.0,7.746944444444444,0.0,0.0
2023-05-06,0.0,0.0,0.0,0.0,0.0,8.030277777777778,0.0,0.0
2023-05-07,0.0,0.0,0.0,0.0,0.0,7.959444444444444,0.0,0.0
2023-05-08,0.0,0.0,0.0,0.0,0.0,8.08361111111111,0.0,0.0
2023-05-09,0.0,0.0,0.0,0.0,0.0,8.004722222222222,0.0,0.0
2023-05-10,0.0,0.0,0.0,0.0,0.0,8.083333333333334,0.0,0.0
2023-05-11,0.0,0.0,0.0,0.0,0.0,8.083333333333334,0.0,0.0
2023-05-12,0.0,0.0,0.0,0.0,0.0,8.08388888888889,0.0,0.0
2023-05-13,0.0,0.0,0.0,0.0,0.0,8.083333333333334,0.0,0.0
2023-05-14,0.0,0.0,0.0,0.0,0.0,8.083333333333334,0.0,0.0
2023-05-15,0.0,0.0,0.0,0.0,0.0,8.08361111111111,0.0,0.0
2023-05-16,0.0,0.0,0.0,0.0,0.0,8.083333333333334,0.0,0.0
2023-05-17,0.0,0.0,0.0,0.0,0.0,8.08361111111111,0.0,0.0
2023-05-18,0.0,0.0,0.0,0.0,0.0,7.7625,0.0,0.0
2023-05-19,0.0,0.0,0.0,0.0,0.0,8.08388888888889,0.0,0.0
2023-05-20,0.0,0.0,0.0,0.0,0.0,7.021111111111111,0.0,0.0
2023-05-21,0.0,0.0,0.0,0.0,0.0,6.884166666666666,0.0,0.0
2023-05-22,0.0,0.0,0.0,0.0,0.0,8.083333333333334,0.0,0.0
2023-05-23,0.0,0.0,0.0,0.0,0.0,8.083333333333334,0.0,0.0
2023-05-24,0.0,0.0,0.0,0.0,0.0,8.08361111111111,0.0,0.0
2023-05-25,0.0,0.0,0.0,0.0,0.0,8.083333333333334,0.0,0.0
2023-05-26,0.0,0.0,0.0,0.0,0.0,8.083333333333334,0.0,0.0
2023-05-27,0.0,0.0,0.0,0.0,0.0,8.083333333333334,0.0,0.0
2023-05-28,0.0,0.0,0.0,0.0,0.0,8.018888888888888,0.0,0.0
2023-05-29,0.0,0.0,0.0,0.0,0.0,8.083333333333334,0.0,0.0
2023-05-30,0.0,0.0,0.0,0.0,0.0,8.083333333333334,0.0,0.0
2023-05-31,0.0,0.0,0.0,0.0,0.0,7.988888888888889,0.0,0.0
2023-06-01,0.0,0.0,0.0,0.0,0.0,7.759722222222222,0.0,0.0
2023-06-02,0.0,0.0,0.0,0.0,0.0,7.647222222222222,0.0,0.0
2023-06-03,0.0,0.0,0.0,0.0,0.0,7.843333333333334,0.0,0.0
2023-06-04,0.0,0.0,0.0,0.0,0.0,7.877777777777778,0.0,0.0
2023-06-05,0.0,0.0,0.0,0.0,0.0,8.083333333333334,0.0,0.0
2023-06-06,0.0,0.0,0.0,0.0,0.0,8.023888888888889,0.0,0.0
2023-06-07,0.0,0.0,0.0,0.0,0.0,8.0325,0.0,0.0
2023-06-08,0.0,0.0,0.0,0.0,0.0,7.9302777777777775,0.0,0.0
2023-06-09,0.0,0.0,0.0,0.0,0.0,8.08388888888889,0.0,0.0
2023-06-10,0.0,0.0,0.0,0.0,0.0,7.8852777777777785,0.0,0.0
2023-06-11,0.0,0.0,0.0,0.0,0.0,7.823333333333333,0.0,0.0
2023-06-12,0.0,0.0,0.0,0.0,0.0,8.08388888888889,0.0,0.0
2023-06-13,0.0,0.0,0.0,0.0,0.0,7.1497222222222225,0.0,0.0
2023-06-14,0.0,0.0,0.0,0.0,0.0,7.908333333333333,0.0,0.0
2023-06-15,0.0,0.0,0.0,0.0,0.0,8.08388888888889,0.0,0.0
2023-06-16,0.0,0.0,0.0,0.0,0.0,8.083333333333334,0.0,0.0
2023-06-17,0.0,0.0,0.0,0.0,0.0,7.070555555555556,0.0,0.0
2023-06-18,0.0,0.0,0.0,0.0,0.0,7.7875,0.0,0.0
2023-06-19,0.0,0.0,0.0,0.0,0.0,8.083333333333334,0.0,0.0
2023-06-20,0.0,0.0,0.0,0.0,0.0,8.084166666666667,0.0,0.0
2023-06-21,0.0,0.0,0.0,0.0,0.0,6.686111111111111,0.0,0.0
2023-06-22,0.0,0.0,0.0,0.0,0.0,6.588333333333333,0.0,0.0
2023-06-23,0.0,0.0,0.0,0.0,0.0,7.7875,0.0,0.0
2023-06-24,0.0,0.0,0.0,0.0,0.0,8.083333333333334,0.0,0.0
2023-06-25,0.0,0.0,0.0,0.0,0.0,8.039166666666667,0.0,0.0
2023-06-26,0.0,0.0,0.0,0.0,0.0,7.801944444444445,0.0,0.0
2023-06-27,0.0,0.0,0.0,0.0,0.0,8.083333333333334,0.0,0.0
2023-06-28,0.0,0.0,0.0,0.0,0.0,8.053611111111111,0.0,0.0
2023-06-29,0.0,0.0,0.0,0.0,0.0,7.933055555555556,0.0,0.0
2023-06-30,0.0,0.0,0.0,0.0,0.0,8.08388888888889,0.0,0.0
2023-07-01,0.0,0.0,0.0,0.0,0.0,8.083333333333334,0.0,0.0
2023-07-02,0.0,0.0,0.0,0.0,0.0,8.08388888888889,0.0,0.0
2023-07-03,0.0,0.0,0.0,0.0,0.0,8.08388888888889,0.0,0.0
2023-07-04,0.0,0.0,0.0,0.0,0.0,8.08388888888889,0.0,0.0
2023-07-05,0.0,0.0,0.0,0.0,0.0,7.898888888888889,0.0,0.0
2023-07-06,0.0,0.0,0.0,0.0,0.0,8.0975,0.0,0.0
2023-07-07,0.0,0.0,0.0,0.0,0.0,8.08388888888889,0.0,0.0
2023-07-08,0.0,0.0,0.0,0.0,0.0,8.08388888888889,0.0,0.0
2023-07-09,0.0,0.0,0.0,0.0,0.0,7.920555555555556,0.0,0.0
2023-07-10,0.0,0.0,0.0,0.0,0.0,8.083333333333334,0.0,0.0
2023-07-11,0.0,0.0,0.0,0.0,0.0,8.083333333333334,0.0,0.0
2023-07-12,0.0,0.0,0.0,0.0,0.0,8.083333333333334,0.0,0.0
2023-07-13,0.0,0.0,0.0,0.0,0.0,8.08361111111111,0.0,0.0
2023-07-14,0.0,0.0,0.0,0.0,0.0,8.08361111111111,0.0,0.0
2023-07-15,0.0,0.0,0.0,0.0,0.0,8.08388888888889,0.0,0.0
2023-07-16,0.0,0.0,0.0,0.0,0.0,8.083333333333334,0.0,0.0
2023-07-17,0.0,0.0,0.0,0.0,0.0,8.083333333333334,0.0,0.0
2023-07-18,0.0,0.0,0.0,0.0,0.0,8.019166666666667,0.0,0.0
2023-07-19,0.0,0.0,0.0,0.0,0.0,8.083333333333334,0.0,0.0
2023-07-20,0.0,0.0,0.0,0.0,0.0,8.067222222222222,0.0,0.0
2023-07-21,0.0,0.0,0.0,0.0,0.0,8.045833333333333,0.0,0.0
2023-07-22,0.0,0.0,0.0,0.0,0.0,8.083333333333334,0.0,0.0
2023-07-23,0.0,0.0,0.0,0.0,0.0,7.7475,0.0,0.0
2023-07-24,0.0,0.0,0.0,0.0,0.0,8.083333333333334,0.0,0.0
2023-07-25,0.0,0.0,0.0,0.0,0.0,8.0625,0.0,0.0
2023-07-26,0.0,0.0,0.0,0.0,0.0,8.083333333333334,0.0,0.0
2023-07-27,0.0,0.0,0.0,0.0,0.0,8.083333333333334,0.0,0.0
2023-07-28,0.0,0.0,0.0,0.0,0.0,8.00611111111111,0.0,0.0
2023-07-29,0.0,0.0,0.0,0.0,0.0,7.7027777777777775,0.0,0.0
2023-07-30,0.0,0.0,0.0,0.0,0.0,8.030555555555555,0.0,0.0
2023-07-31,0.0,0.0,0.0,0.0,0.0,8.08388888888889,0.0,0.0
2023-08-01,0.0,0.0,0.0,0.0,0.0,8.083333333333334,0.0,0.0
2023-08-02,0.0,0.0,0.0,0.0,0.0,8.083333333333334,0.0,0.0
2023-08-03,0.0,0.0,0.0,0.0,0.0,7.8502777777777775,0.0,0.0
2023-08-04,0.0,0.0,0.0,0.0,0.0,7.908888888888889,0.0,0.0
2023-08-05,0.0,0.0,0.0,0.0,0.0,8.08388888888889,0.0,0.0
2023-08-06,0.0,0.0,0.0,0.0,0.0,7.8244444444444445,0.0,0.0
2023-08-07,0.0,0.0,0.0,0.0,0.0,8.083333333333334,0.0,0.0
2023-08-08,0.0,0.0,0.0,0.0,0.0,7.796944444444445,0.0,0.0
2023-08-09,0.0,0.0,0.0,0.0,0.0,7.719166666666666,0.0,0.0
2023-08-10,0.0,0.0,0.0,0.0,0.0,7.762777777777778,0.0,0.0
2023-08-11,0.0,0.0,0.0,0.0,0.0,7.926666666666667,0.0,0.0
2023-08-12,0.0,0.0,0.0,0.0,0.0,8.083333333333334,0.0,0.0
2023-08-13,0.0,0.0,0.0,0.0,0.0,7.8375,0.0,0.0
2023-08-14,0.0,0.0,0.0,0.0,0.0,8.083333333333334,0.0,0.0
2023-08-15,0.0,0.0,0.0,0.0,0.0,8.083333333333334,0.0,0.0
2023-08-16,0.0,0.0,0.0,0.0,0.0,8.083333333333334,0.0,0.0
2023-08-17,0.0,0.0,0.0,0.0,0.0,8.083333333333334,0.0,0.0
2023-08-18,0.0,0.0,0.0,0.0,0.0,8.083333333333334,0.0,0.0
2023-08-19,0.0,0.0,0.0,0.0,0.0,8.083333333333334,0.0,0.0
2023-08-20,0.0,0.0,0.0,0.0,0.0,8.083333333333334,0.0,0.0
2023-08-21,0.0,0.0,0.0,0.0,0.0,8.08361111111111,0.0,0.0
2023-08-22,0.0,0.0,0.0,0.0,0.0,8.023611111111112,0.0,0.0
2023-08-23,0.0,0.0,0.0,0.0,0.0,8.083333333333334,0.0,0.0
2023-08-24,0.0,0.0,0.0,0.0,0.0,7.9286111111111115,0.0,0.0
2023-08-25,0.0,0.0,0.0,0.0,0.0,8.028888888888888,0.0,0.0
2023-08-26,0.0,0.0,0.0,0.0,0.0,8.083333333333334,0.0,0.0
2023-08-27,0.0,0.0,0.0,0.0,0.0,7.853611111111111,0.0,0.0
2023-08-28,0.0,0.0,0.0,0.0,0.0,8.083333333333334,0.0,0.0
2023-08-29,0.0,0.0,0.0,0.0,0.0,8.083333333333334,0.0,0.0
2023-08-30,0.0,0.0,0.0,0.0,0.0,7.756111111111111,0.0,0.0
2023-08-31,0.0,0.0,0.0,0.0,0.0,8.083333333333334,0.0,0.0
2023-09-01,0.0,0.0,0.0,0.0,0.0,8.083333333333334,0.0,0.0
2023-09-02,0.0,0.0,0.0,0.0,0.0,8.083333333333334,0.0,0.0
2023-09-03,0.0,0.0,0.0,0.0,0.0,8.083333333333334,0.0,0.0
2023-09-04,0.0,0.0,0.0,0.0,0.0,7.153888888888889,0.0,0.0
2023-09-05,0.0,0.0,0.0,0.0,0.0,8.08361111111111,0.0,0.0
2023-09-06,0.0,0.0,0.0,0.0,0.0,7.98,0.0,0.0
2023-09-07,0.0,0.0,0.0,0.0,0.0,8.08388888888889,0.0,0.0
2023-09-08,0.0,0.0,0.0,0.0,0.0,8.083333333333334,0.0,0.0
2023-09-09,0.0,0.0,0.0,0.0,0.0,8.08388888888889,0.0,0.0
2023-09-10,0.0,0.0,0.0,0.0,0.0,8.08388888888889,0.0,0.0
2023-09-11,0.0,0.0,0.0,0.0,0.0,7.905277777777777,0.0,0.0
2023-09-12,0.0,0.0,0.0,0.0,0.0,7.956111111111111,0.0,0.0
2023-09-13,0.0,0.0,0.0,0.0,0.0,8.083333333333334,0.0,0.0
2023-09-14,0.0,0.0,0.0,0.0,0.0,6.873888888888889,0.0,0.0
2023-09-15,0.0,0.0,0.0,0.0,0.0,8.0625,0.0,0.0
2023-09-16,0.0,0.0,0.0,0.0,0.0,8.08361111111111,0.0,0.0
2023-09-17,0.0,0.0,0.0,0.0,0.0,7.252222222222223,0.0,0.0
2023-09-18,0.0,0.0,0.0,0.0,0.0,8.084166666666667,0.0,0.0
2023-09-19,0.0,0.0,0.0,0.0,0.0,7.847222222222222,0.0,0.0
2023-09-20,0.0,0.0,0.0,0.0,0.0,8.08361111111111,0.0,0.0
2023-09-21,0.0,0.0,0.0,0.0,0.0,8.08361111111111,0.0,0.0
2023-09-22,0.0,0.0,0.0,0.0,0.0,8.083333333333334,0.0,0.0
2023-09-23,0.0,0.0,0.0,0.0,0.0,7.920833333333333,0.0,0.0
2023-09-24,0.0,0.0,0.0,0.0,0.0,7.832777777777777,0.0,0.0
2023-09-25,0.0,0.0,0.0,0.0,0.0,7.868333333333333,0.0,0.0
2023-09-26,0.0,0.0,0.0,0.0,0.0,8.08388888888889,0.0,0.0
2023-09-27,0.0,0.0,0.0,0.0,0.0,7.275555555555555,0.0,0.0
2023-09-28,0.0,0.0,0.0,0.0,0.0,7.075833333333334,0.0,0.0
2023-09-29,0.0,0.0,0.0,0.0,0.0,8.083333333333334,0.0,0.0
2023-09-30,0.0,0.0,0.0,0.0,0.0,8.083333333333334,0.0,0.0
2023-10-01,0.0,0.0,0.0,0.0,0.0,8.022222222222222,0.0,0.0
2023-10-02,0.0,0.0,0.0,0.0,0.0,8.083333333333334,0.0,0.0
2023-10-03,0.0,0.0,0.0,0.0,0.0,7.4927777777777775,0.0,0.0
2023-10-04,0.0,0.0,0.0,0.0,0.0,8.083333333333334,0.0,0.0
2023-10-05,0.0,0.0,0.0,0.0,0.0,8.083333333333334,0.0,0.0
2023-10-06,0.0,0.0,0.0,0.0,0.0,7.93,0.0,0.0
2023-10-07,0.0,0.0,0.0,0.0,0.0,8.08388888888889,0.0,0.0
2023-10-08,0.0,0.0,0.0,0.0,0.0,7.886666666666667,0.0,0.0
2023-10-09,0.0,0.0,0.0,0.0,0.0,8.083333333333334,0.0,0.0
2023-10-10,0.0,0.0,0.0,0.0,0.0,8.08388888888889,0.0,0.0
2023-10-11,0.0,0.0,0.0,0.0,0.0,8.0,0.0,0.0
2023-10-12,0.0,0.0,0.0,0.0,0.0,7.494722222222222,0.0,0.0
2023-10-13,0.0,0.0,0.0,0.0,0.0,8.084166666666667,0.0,0.0
2023-10-14,0.0,0.0,0.0,0.0,0.0,8.08388888888889,0.0,0.0
2023-10-15,0.0,0.0,0.0,0.0,0.0,8.023333333333332,0.0,0.0
2023-10-16,0.0,0.0,0.0,0.0,0.0,8.053055555555556,0.0,0.0
2023-10-17,0.0,0.0,0.0,0.0,0.0,8.08388888888889,0.0,0.0
2023-10-18,0.0,0.0,0.0,0.0,0.0,7.860277777777777,0.0,0.0
2023-10-19,0.0,0.0,0.0,0.0,0.0,8.08361111111111,0.0,0.0
2023-10-20,0.0,0.0,0.0,0.0,0.0,8.08388888888889,0.0,0.0
2023-10-21,0.0,0.0,0.0,0.0,0.0,7.966388888888888,0.0,0.0
2023-10-22,0.0,0.0,0.0,0.0,0.0,8.083333333333334,0.0,0.0
2023-10-23,0.0,0.0,0.0,0.0,0.0,7.864166666666667,0.0,0.0
2023-10-24,0.0,0.0,0.0,0.0,0.0,7.801111111111111,0.0,0.0
2023-10-25,0.0,0.0,0.0,0.0,0.0,7.818888888888889,0.0,0.0
2023-10-26,0.0,0.0,0.0,0.0,0.0,8.08388888888889,0.0,0.0
2023-10-27,0.0,0.0,0.0,0.0,0.0,8.083333333333334,0.0,0.0
2023-10-28,0.0,0.0,0.0,0.0,0.0,8.08361111111111,0.0,0.0
2023-10-29,0.0,0.0,0.0,0.0,0.0,7.959444444444444,0.0,0.0
2023-10-30,0.0,0.0,0.0,0.0,0.0,8.08388888888889,0.0,0.0
2023-10-31,0.0,0.0,0.0,0.0,0.0,7.908611111111111,0.0,0.0
2023-11-01,0.0,0.0,0.0,0.0,0.0,7.52,0.0,0.0
2023-11-02,0.0,0.0,0.0,0.0,0.0,7.911666666666667,0.0,0.0
2023-11-03,0.0,0.0,0.0,0.0,0.0,7.690833333333333,0.0,0.0
2023-11-04,0.0,0.0,0.0,0.0,0.0,9.08361111111111,0.0,0.0
2023-11-05,0.0,0.0,0.0,0.0,0.0,7.9494444444444445,0.0,0.0
2023-11-06,0.0,0.0,0.0,0.0,0.0,8.08361111111111,0.0,0.0
2023-11-07,0.0,0.0,0.0,0.0,0.0,8.083333333333334,0.0,0.0
2023-11-08,0.0,0.0,0.0,0.0,0.0,7.805,0.0,0.0
2023-11-09,0.0,0.0,0.0,0.0,0.0,8.08388888888889,0.0,0.0
2023-11-10,0.0,0.0,0.0,0.0,0.0,8.083333333333334,0.0,0.0
2023-11-11,0.0,0.0,0.0,0.0,0.0,7.400833333333333,0.0,0.0
2023-11-12,0.0,0.0,0.0,0.0,0.0,7.902222222222222,0.0,0.0
2023-11-13,0.0,0.0,0.0,0.0,0.0,7.574166666666667,0.0,0.0
2023-11-14,0.0,0.0,0.0,0.0,0.0,7.600833333333333,0.0,0.0
2023-11-15,0.0,0.0,0.0,0.0,0.0,8.083333333333334,0.0,0.0
2023-11-16,0.0,0.0,0.0,0.0,0.0,7.182222222222222,0.0,0.0
2023-11-17,0.0,0.0,0.0,0.0,0.0,8.08361111111111,0.0,0.0
2023-11-18,0.0,0.0,0.0,0.0,0.0,7.002222222222223,0.0,0.0
2023-11-19,0.0,0.0,0.0,0.0,0.0,8.08388888888889,0.0,0.0
2023-11-20,0.0,0.0,0.0,0.0,0.0,7.923055555555556,0.0,0.0
2023-11-21,0.0,0.0,0.0,0.0,0.0,7.395,0.0,0.0
2023-11-22,0.0,0.0,0.0,0.0,0.0,7.286111111111111,0.0,0.0
2023-11-23,0.0,0.0,0.0,0.0,0.0,7.574722222222222,0.0,0.0
2023-11-24,0.0,0.0,0.0,0.0,0.0,7.561388888888889,0.0,0.0
2023-11-25,0.0,0.0,0.0,0.0,0.0,7.463055555555556,0.0,0.0
2023-11-26,0.0,0.0,0.0,0.0,0.0,8.08361111111111,0.0,0.0
2023-11-27,0.0,0.0,0.0,0.0,0.0,8.08361111111111,0.0,0.0
2023-11-28,0.0,0.0,0.0,0.0,0.0,7.8069444444444445,0.0,0.0
2023-11-29,0.0,0.0,0.0,0.0,0.0,8.043888888888889,0.0,0.0
2023-11-30,0.0,0.0,0.0,0.0,0.0,8.08361111111111,0.0,0.0
2023-12-01,0.0,0.0,0.0,0.0,0.0,8.08361111111111,0.0,0.0
2023-12-02,0.0,0.0,0.0,0.0,0.0,8.083333333333334,0.0,0.0
2023-12-03,0.0,0.0,0.0,0.0,0.0,7.970555555555555,0.0,0.0
2023-12-04,0.0,0.0,0.0,0.0,0.0,8.08388888888889,0.0,0.0
2023-12-05,0.0,0.0,0.0,0.0,0.0,7.998055555555555,0.0,0.0
2023-12-06,0.0,0.0,0.0,0.0,0.0,7.4075,0.0,0.0
2023-12-07,0.0,0.0,0.0,0.0,0.0,7.4961111111111105,0.0,0.0
2023-12-08,0.0,0.0,0.0,0.0,0.0,7.7175,0.0,0.0
2023-12-09,0.0,0.0,0.0,0.0,0.0,7.2491666666666665,0.0,0.0
2023-12-10,0.0,0.0,0.0,0.0,0.0,8.08388888888889,0.0,0.0
2023-12-11,0.0,0.0,0.0,0.0,0.0,8.08361111111111,0.0,0.0
2023-12-12,0.0,0.0,0.0,0.0,0.0,7.475833333333333,0.0,0.0
2023-12-13,0.0,0.0,0.0,0.0,0.0,8.083333333333334,0.0,0.0
2023-12-14,0.0,0.0,0.0,0.0,0.0,8.08388888888889,0.0,0.0
2023-12-15,0.0,0.0,0.0,0.0,0.0,7.6275,0.0,0.0
2023-12-16,0.0,0.0,0.0,0.0,0.0,7.433888888888889,0.0,0.0
2023-12-17,0.0,0.0,0.0,0.0,0.0,7.577222222222222,0.0,0.0
2023-12-18,0.0,0.0,0.0,0.0,0.0,7.7316666666666665,0.0,0.0
2023-12-19,0.0,0.0,0.0,0.0,0.0,7.519166666666667,0.0,0.0
2023-12-20,0.0,0.0,0.0,0.0,0.0,8.08361111111111,0.0,0.0
2023-12-21,0.0,0.0,0.0,0.0,0.0,7.420555555555556,0.0,0.0
2023-12-22,0.0,0.0,0.0,0.0,0.0,7.969722222222222,0.0,0.0
2023-12-23,0.0,0.0,0.0,0.0,0.0,7.6002777777777775,0.0,0.0
2023-12-24,0.0,0.0,0.0,0.0,0.0,8.08361111111111,0.0,0.0
2023-12-25,0.0,0.0,0.0,0.0,0.0,8.083333333333334,0.0,0.0
2023-12-26,0.0,0.0,0.0,0.0,0.0,8.08361111111111,0.0,0.0
2023-12-27,0.0,0.0,0.0,0.0,0.0,8.08361111111111,0.0,0.0
2023-12-28,0.0,0.0,0.0,0.0,0.0,7.940833333333333,0.0,0.0
2023-12-29,0.0,0.0,0.0,0.0,0.0,7.461666666666667,0.0,0.0
2023-12-30,0.0,0.0,0.0,0.0,0.0,8.084166666666667,0.0,0.0
2023-12-31,0.0,0.0,0.0,0.0,0.0,6.560277777777777,0.0,0.0
2024-01-01,0.0,0.0,0.0,0.0,0.0,8.08361111111111,0.0,0.0
2024-01-02,0.0,0.0,0.0,0.0,0.0,8.083333333333334,0.0,0.0
2024-01-03,0.0,0.0,0.0,0.0,0.0,8.08388888888889,0.0,0.0
2024-01-04,0.0,0.0,0.0,0.0,0.0,8.08388888888889,0.0,0.0
2024-01-05,0.0,0.0,0.0,0.0,0.0,8.08361111111111,0.0,0.0
2024-01-06,0.0,0.0,0.0,0.0,0.0,8.08361111111111,0.0,0.0
2024-01-07,0.0,0.0,0.0,0.0,0.0,7.349444444444444,0.0,0.0
2024-01-08,0.0,0.0,0.0,0.0,0.0,7.526666666666666,0.0,0.0
2024-01-09,0.0,0.0,0.0,0.0,0.0,7.6475,0.0,0.0
2024-01-10,0.0,0.0,0.0,0.0,0.0,8.065555555555555,0.0,0.0
2024-01-11,0.0,0.0,0.0,0.0,0.0,7.751944444444445,0.0,0.0
2024-01-12,0.0,0.0,0.0,0.0,0.0,8.08361111111111,0.0,0.0
2024-01-13,0.0,0.0,0.0,0.0,0.0,7.4847222222222225,0.0,0.0
2024-01-14,0.0,0.0,0.0,0.0,0.0,8.08361111111111,0.0,0.0
2024-01-15,0.0,0.0,0.0,0.0,0.0,8.08388888888889,0.0,0.0
2024-01-16,0.0,0.0,0.0,0.0,0.0,7.085555555555556,0.0,0.0
2024-01-17,0.0,0.0,0.0,0.0,0.0,8.08388888888889,0.0,0.0
2024-01-18,0.0,0.0,0.0,0.0,0.0,8.08388888888889,0.0,0.0
2024-01-19,0.0,0.0,0.0,0.0,0.0,8.08361111111111,0.0,0.0
2024-01-20,0.0,0.0,0.0,0.0,0.0,7.6755555555555555,0.0,0.0
2024-01-21,0.0,0.0,0.0,0.0,0.0,8.083333333333334,0.0,0.0
2024-01-22,0.0,0.0,0.0,0.0,0.0,8.01388888888889,0.0,0.0
2024-01-23,0.0,0.0,0.0,0.0,0.0,8.08388888888889,0.0,0.0
2024-01-24,0.0,0.0,0.0,0.0,0.0,8.083333333333334,0.0,0.0
2024-01-25,0.0,0.0,0.0,0.0,0.0,8.08388888888889,0.0,0.0
2024-01-26,0.0,0.0,0.0,0.0,0.0,7.7988888888888885,0.0,0.0
2024-01-27,0.0,0.0,0.0,0.0,0.0,7.098888888888889,0.0,0.0
2024-01-28,0.0,0.0,0.0,0.0,0.0,7.210277777777778,0.0,0.0
2024-01-29,0.0,0.0,0.0,0.0,0.0,7.754722222222222,0.0,0.0
2024-01-30,0.0,0.0,0.0,0.0,0.0,8.08361111111111,0.0,0.0
2024-01-31,0.0,0.0,0.0,0.0,0.0,8.083333333333334,0.0,0.0
2024-02-01,0.0,0.0,0.0,0.0,0.0,7.513055555555556,0.0,0.0
2024-02-02,0.0,0.0,0.0,0.0,0.0,8.02111111111111,0.0,0.0
2024-02-03,0.0,0.0,0.0,0.0,0.0,7.862222222222222,0.0,0.0
2024-02-04,0.0,0.0,0.0,0.0,0.0,7.991111111111111,0.0,0.0
2024-02-05,0.0,0.0,0.0,0.0,0.0,7.284722222222222,0.0,0.0
2024-02-06,0.0,0.0,0.0,0.0,0.0,8.08361111111111,0.0,0.0
2024-02-07,0.0,0.0,0.0,0.0,0.0,8.08388888888889,0.0,0.0
2024-02-08,0.0,0.0,0.0,0.0,0.0,8.08388888888889,0.0,0.0
2024-02-09,0.0,0.0,0.0,0.0,0.0,6.825555555555556,0.0,0.0
2024-02-10,0.0,0.0,0.0,0.0,0.0,8.08361111111111,0.0,0.0
2024-02-11,0.0,0.0,0.0,0.0,0.0,7.110555555555556,0.0,0.0
2024-02-12,0.0,0.0,0.0,0.0,0.0,8.083333333333334,0.0,0.0
2024-02-13,0.0,0.0,0.0,0.0,0.0,7.934166666666667,0.0,0.0
2024-02-14,0.0,0.0,0.0,0.0,0.0,8.083333333333334,0.0,0.0
2024-02-15,0.0,0.0,0.0,0.0,0.0,8.077777777777778,0.0,0.0
2024-02-16,0.0,0.0,0.0,0.0,0.0,8.08388888888889,0.0,0.0
2024-02-17,0.0,0.0,0.0,0.0,0.0,8.083333333333334,0.0,0.0
2024-02-18,0.0,0.0,0.0,0.0,0.0,8.08361111111111,0.0,0.0
2024-02-19,0.0,0.0,0.0,0.0,0.0,8.083333333333334,0.0,0.0
2024-02-20,0.0,0.0,0.0,0.0,0.0,8.08361111111111,0.0,0.0
2024-02-21,0.0,0.0,0.0,0.0,0.0,8.08361111111111,0.0,0.0
2024-02-22,0.0,0.0,0.0,0.0,0.0,8.08361111111111,0.0,0.0
2024-02-23,0.0,0.0,0.0,0.0,0.0,7.513888888888889,0.0,0.0
2024-02-24,0.0,0.0,0.0,0.0,0.0,8.08361111111111,0.0,0.0
2024-02-25,0.0,0.0,0.0,0.0,0.0,8.08388888888889,0.0,0.0
2024-02-26,0.0,0.0,0.0,0.0,0.0,8.08361111111111,0.0,0.0
2024-02-27,0.0,0.0,0.0,0.0,0.0,8.08361111111111,0.0,0.0
2024-02-28,0.0,0.0,0.0,0.0,0.0,8.083333333333334,0.0,0.0
2024-02-29,0.0,0.0,0.0,0.0,0.0,8.083333333333334,0.0,0.0
2024-03-01,0.0,0.0,0.0,0.0,0.0,8.08388888888889,0.0,0.0
2024-03-02,0.0,0.0,0.0,0.0,0.0,7.746388888888889,0.0,0.0
2024-03-03,0.0,0.0,0.0,0.0,0.0,7.969444444444444,0.0,0.0
2024-03-04,0.0,0.0,0.0,0.0,0.0,8.083333333333334,0.0,0.0
2024-03-05,0.0,0.0,0.0,0.0,0.0,7.865277777777778,0.0,0.0
2024-03-06,0.0,0.0,0.0,0.0,0.0,8.05111111111111,0.0,0.0
2024-03-07,0.0,0.0,0.0,0.0,0.0,8.08388888888889,0.0,0.0
2024-03-08,0.0,0.0,0.0,0.0,0.0,7.988888888888889,0.0,0.0
2024-03-09,0.0,0.0,0.0,0.0,0.0,7.083333333333333,0.0,0.0
2024-03-10,0.0,0.0,0.0,0.0,0.0,7.980277777777777,0.0,0.0
2024-03-11,0.0,0.0,0.0,0.0,0.0,7.886666666666667,0.0,0.0
2024-03-12,0.0,0.0,0.0,0.0,0.0,8.08388888888889,0.0,0.0
2024-03-13,0.0,0.0,0.0,0.0,0.0,8.083333333333334,0.0,0.0
2024-03-14,0.0,0.0,0.0,0.0,0.0,8.08361111111111,0.0,0.0
2024-03-15,0.0,0.0,0.0,0.0,0.0,8.08388888888889,0.0,0.0
2024-03-16,0.0,0.0,0.0,0.0,0.0,6.624444444444444,0.0,0.0
2024-03-17,0.0,0.0,0.0,0.0,0.0,8.032222222222222,0.0,0.0
2024-03-18,0.0,0.0,0.0,0.0,0.0,8.08388888888889,0.0,0.0
2024-03-19,0.0,0.0,0.0,0.0,0.0,8.083333333333334,0.0,0.0
2024-03-20,0.0,0.0,0.0,0.0,0.0,8.032777777777778,0.0,0.0
2024-03-21,0.0,0.0,0.0,0.0,0.0,8.08361111111111,0.0,0.0
2024-03-22,0.0,0.0,0.0,0.0,0.0,8.083333333333334,0.0,0.0
2024-03-23,0.0,0.0,0.0,0.0,0.0,8.083333333333334,0.0,0.0
2024-03-24,0.0,0.0,0.0,0.0,0.0,8.08361111111111,0.0,0.0
2024-03-25,0.0,0.0,0.0,0.0,0.0,8.083333333333334,0.0,0.0
2024-03-26,0.0,0.0,0.0,0.0,0.0,8.020833333333334,0.0,0.0
2024-03-27,0.0,0.0,0.0,0.0,0.0,8.03138888888889,0.0,0.0
2024-03-28,0.0,0.0,0.0,0.0,0.0,8.08388888888889,0.0,0.0
2024-03-29,0.0,0.0,0.0,0.0,0.0,7.329166666666667,0.0,0.0
2024-03-30,0.0,0.0,0.0,0.0,0.0,8.08388888888889,0.0,0.0
2024-03-31,0.0,0.0,0.0,0.0,0.0,8.08361111111111,0.0,0.0
2024-04-01,0.0,0.0,0.0,0.0,0.0,8.08388888888889,0.0,0.0
2024-04-02,0.0,0.0,0.0,0.0,0.0,8.08361111111111,0.0,0.0
2024-04-03,0.0,0.0,0.0,0.0,0.0,7.256111111111111,0.0,0.0
2024-04-04,0.0,0.0,0.0,0.0,0.0,7.336666666666667,0.0,0.0
2024-04-05,0.0,0.0,0.0,0.0,0.0,8.08388888888889,0.0,0.0
2024-04-06,0.0,0.0,0.0,0.0,0.0,7.901944444444444,0.0,0.0
2024-04-07,0.0,0.0,0.0,0.0,0.0,8.083333333333334,0.0,0.0
2024-04-08,0.0,0.0,0.0,0.0,0.0,8.08361111111111,0.0,0.0
2024-04-09,0.0,0.0,0.0,0.0,0.0,6.884166666666666,0.0,0.0
2024-04-10,0.0,0.0,0.0,0.0,0.0,8.08361111111111,0.0,0.0
2024-04-11,0.0,0.0,0.0,0.0,0.0,8.083333333333334,0.0,0.0
2024-04-12,0.0,0.0,0.0,0.0,0.0,7.033888888888889,0.0,0.0
2024-04-13,0.0,0.0,0.0,0.0,0.0,8.08361111111111,0.0,0.0
2024-04-14,0.0,0.0,0.0,0.0,0.0,8.08388888888889,0.0,0.0
2024-04-15,0.0,0.0,0.0,0.0,0.0,8.076944444444445,0.0,0.0
2024-04-16,0.0,0.0,0.0,0.0,0.0,8.08388888888889,0.0,0.0
2024-04-17,0.0,0.0,0.0,0.0,0.0,8.08388888888889,0.0,0.0
2024-04-18,0.0,0.0,0.0,0.0,0.0,8.083333333333334,0.0,0.0
2024-04-19,0.0,0.0,0.0,0.0,0.0,8.08361111111111,0.0,0.0
2024-04-20,0.0,0.0,0.0,0.0,0.0,8.08361111111111,0.0,0.0
2024-04-21,0.0,0.0,0.0,0.0,0.0,7.9847222222222225,0.0,0.0
2024-04-22,0.0,0.0,0.0,0.0,0.0,8.083333333333334,0.0,0.0
2024-04-23,0.0,0.0,0.0,0.0,0.0,8.08361111111111,0.0,0.0
2024-04-24,0.0,0.0,0.0,0.0,0.0,7.473888888888889,0.0,0.0
2024-04-25,0.0,0.0,0.0,0.0,0.0,8.083333333333334,0.0,0.0
2024-04-26,0.0,0.0,0.0,0.0,0.0,8.08388888888889,0.0,0.0
2024-04-27,0.0,0.0,0.0,0.0,0.0,7.599444444444444,0.0,0.0
2024-04-28,0.0,0.0,0.0,0.0,0.0,8.083333333333334,0.0,0.0
2024-04-29,0.0,0.0,0.0,0.0,0.0,8.083333333333334,0.0,0.0
2024-04-30,0.0,0.0,0.0,0.0,0.0,8.08361111111111,0.0,0.0
2024-05-01,0.0,0.0,0.0,0.0,0.0,8.08388888888889,0.0,0.0
2024-05-02,0.0,0.0,0.0,0.0,0.0,8.083333333333334,0.0,0.0
2024-05-03,0.0,0.0,0.0,0.0,0.0,8.083333333333334,0.0,0.0
2024-05-04,0.0,0.0,0.0,0.0,0.0,8.08388888888889,0.0,0.0
2024-05-05,0.0,0.0,0.0,0.0,0.0,7.552777777777778,0.0,0.0
2024-05-06,0.0,0.0,0.0,0.0,0.0,8.08361111111111,0.0,0.0
2024-05-07,0.0,0.0,0.0,0.0,0.0,8.08388888888889,0.0,0.0
2024-05-08,0.0,0.0,0.0,0.0,0.0,8.08388888888889,0.0,0.0
2024-05-09,0.0,0.0,0.0,0.0,0.0,8.083333333333334,0.0,0.0
2024-05-10,0.0,0.0,0.0,0.0,0.0,7.8625,0.0,0.0
2024-05-11,0.0,0.0,0.0,0.0,0.0,7.546944444444445,0.0,0.0
2024-05-12,0.0,0.0,0.0,0.0,0.0,7.908888888888889,0.0,0.0
2024-05-13,0.0,0.0,0.0,0.0,0.0,7.238333333333333,0.0,0.0
2024-05-14,0.0,0.0,0.0,0.0,0.0,8.08388888888889,0.0,0.0
2024-05-15,0.0,0.0,0.0,0.0,0.0,8.083333333333334,0.0,0.0
2024-05-16,0.0,0.0,0.0,0.0,0.0,8.083333333333334,0.0,0.0
2024-05-17,0.0,0.0,0.0,0.0,0.0,7.634444444444444,0.0,0.0
2024-05-18,0.0,0.0,0.0,0.0,0.0,8.083333333333334,0.0,0.0
2024-05-19,0.0,0.0,0.0,0.0,0.0,6.7747222222222225,0.0,0.0
2024-05-20,0.0,0.0,0.0,0.0,0.0,8.083333333333334,0.0,0.0
2024-05-21,0.0,0.0,0.0,0.0,0.0,8.08361111111111,0.0,0.0
2024-05-22,0.0,0.0,0.0,0.0,0.0,8.084166666666667,0.0,0.0
2024-05-23,0.0,0.0,0.0,0.0,0.0,7.8197222222222225,0.0,0.0
2024-05-24,0.0,0.0,0.0,0.0,0.0,7.895,0.0,0.0
2024-05-25,0.0,0.0,0.0,0.0,0.0,8.086666666666666,0.0,0.0
2024-05-26,0.0,0.0,0.0,0.0,0.0,8.08361111111111,0.0,0.0
2024-05-27,0.0,0.0,0.0,0.0,0.0,8.083333333333334,0.0,0.0
2024-05-28,0.0,0.0,0.0,0.0,0.0,8.083333333333334,0.0,0.0
2024-05-29,0.0,0.0,0.0,0.0,0.0,8.08388888888889,0.0,0.0
2024-05-30,0.0,0.0,0.0,0.0,0.0,8.08388888888889,0.0,0.0
2024-05-31,0.0,0.0,0.0,0.0,0.0,8.08388888888889,0.0,0.0
2024-06-01,0.0,0.0,0.0,0.0,0.0,7.539166666666667,0.0,0.0
2024-06-02,0.0,0.0,0.0,0.0,0.0,8.02888888888889,0.0,0.0
2024-06-03,0.0,0.0,0.0,0.0,0.0,7.783611111111111,0.0,0.0
2024-06-04,0.0,0.0,0.0,0.0,0.0,8.08361111111111,0.0,0.0
2024-06-05,0.0,0.0,0.0,0.0,0.0,8.026388888888889,0.0,0.0
2024-06-06,0.0,0.0,0.0,0.0,0.0,8.08361111111111,0.0,0.0
2024-06-07,0.0,0.0,0.0,0.0,0.0,8.08361111111111,0.0,0.0
2024-06-08,0.0,0.0,0.0,0.0,0.0,7.865,0.0,0.0
2024-06-09,0.0,0.0,0.0,0.0,0.0,7.913611111111111,0.0,0.0
2024-06-10,0.0,0.0,0.0,0.0,0.0,8.083333333333334,0.0,0.0
2024-06-11,0.0,0.0,0.0,0.0,0.0,8.071666666666667,0.0,0.0
2024-06-12,0.0,0.0,0.0,0.0,0.0,6.823055555555555,0.0,0.0
2024-06-13,0.0,0.0,0.0,0.0,0.0,7.465833333333333,0.0,0.0
2024-06-14,0.0,0.0,0.0,0.0,0.0,8.083333333333334,0.0,0.0
2024-06-15,0.0,0.0,0.0,0.0,0.0,8.08388888888889,0.0,0.0
2024-06-16,0.0,0.0,0.0,0.0,0.0,7.809444444444444,0.0,0.0
2024-06-17,0.0,0.0,0.0,0.0,0.0,8.08388888888889,0.0,0.0
2024-06-18,0.0,0.0,0.0,0.0,0.0,8.083333333333334,0.0,0.0
2024-06-19,0.0,0.0,0.0,0.0,0.0,8.08361111111111,0.0,0.0
2024-06-20,0.0,0.0,0.0,0.0,0.0,8.032777777777778,0.0,0.0
2024-06-21,0.0,0.0,0.0,0.0,0.0,8.08388888888889,0.0,0.0
2024-06-22,0.0,0.0,0.0,0.0,0.0,8.08388888888889,0.0,0.0
2024-06-23,0.0,0.0,0.0,0.0,0.0,8.083333333333334,0.0,0.0
2024-06-24,0.0,0.0,0.0,0.0,0.0,6.97,0.0,0.0
2024-06-25,0.0,0.0,0.0,0.0,0.0,8.083333333333334,0.0,0.0
2024-06-26,0.0,0.0,0.0,0.0,0.0,8.08361111111111,0.0,0.0
2024-06-27,0.0,0.0,0.0,0.0,0.0,8.083333333333334,0.0,0.0
2024-06-28,0.0,0.0,0.0,0.0,0.0,7.384166666666666,0.0,0.0
2024-06-29,0.0,0.0,0.0,0.0,0.0,7.654999999999999,0.0,0.0
2024-06-30,0.0,0.0,0.0,0.0,0.0,8.08361111111111,0.0,0.0
2024-07-01,0.0,0.0,0.0,0.0,0.0,7.6386111111111115,0.0,0.0
2024-07-02,0.0,0.0,0.0,0.0,0.0,8.08361111111111,0.0,0.0
2024-07-03,0.0,0.0,0.0,0.0,0.0,7.96,0.0,0.0
2024-07-04,0.0,0.0,0.0,0.0,0.0,7.737222222222222,0.0,0.0
2024-07-05,0.0,0.0,0.0,0.0,0.0,7.795555555555556,0.0,0.0
2024-07-06,0.0,0.0,0.0,0.0,0.0,8.0775,0.0,0.0
2024-07-07,0.0,0.0,0.0,0.0,0.0,7.5616666666666665,0.0,0.0
2024-07-08,0.0,0.0,0.0,0.0,0.0,8.08361111111111,0.0,0.0
2024-07-09,0.0,0.0,0.0,0.0,0.0,7.981388888888889,0.0,0.0
2024-07-10,0.0,0.0,0.0,0.0,0.0,8.083333333333334,0.0,0.0
2024-07-11,0.0,0.0,0.0,0.0,0.0,8.08388888888889,0.0,0.0
2024-07-12,0.0,0.0,0.0,0.0,0.0,8.08361111111111,0.0,0.0
2024-07-13,0.0,0.0,0.0,0.0,0.0,7.661388888888889,0.0,0.0
2024-07-14,0.0,0.0,0.0,0.0,0.0,8.08361111111111,0.0,0.0
2024-07-15,0.0,0.0,0.0,0.0,0.0,7.348055555555556,0.0,0.0
2024-07-16,0.0,0.0,0.0,0.0,0.0,7.621944444444445,0.0,0.0
2024-07-17,0.0,0.0,0.0,0.0,0.0,8.083333333333334,0.0,0.0
2024-07-18,0.0,0.0,0.0,0.0,0.0,8.083333333333334,0.0,0.0
2024-07-19,0.0,0.0,0.0,0.0,0.0,7.898333333333333,0.0,0.0
2024-07-20,0.0,0.0,0.0,0.0,0.0,7.9975000000000005,0.0,0.0
2024-07-21,0.0,0.0,0.0,0.0,0.0,7.958888888888889,0.0,0.0
2024-07-22,0.0,0.0,0.0,0.0,0.0,8.08361111111111,0.0,0.0
2024-07-23,0.0,0.0,0.0,0.0,0.0,8.08361111111111,0.0,0.0
2024-07-24,0.0,0.0,0.0,0.0,0.0,8.08361111111111,0.0,0.0
2024-07-25,0.0,0.0,0.0,0.0,0.0,8.08361111111111,0.0,0.0
2024-07-26,0.0,0.0,0.0,0.0,0.0,7.031666666666666,0.0,0.0
2024-07-27,0.0,0.0,0.0,0.0,0.0,8.010555555555555,0.0,0.0
2024-07-28,0.0,0.0,0.0,0.0,0.0,8.08361111111111,0.0,0.0
2024-07-29,0.0,0.0,0.0,0.0,0.0,8.08361111111111,0.0,0.0
2024-07-30,0.0,0.0,0.0,0.0,0.0,7.024166666666667,0.0,0.0
2024-07-31,0.0,0.0,0.0,0.0,0.0,3.9816666666666665,0.0,0.0
2024-08-01,0.0,0.0,0.0,0.0,0.0,7.910833333333334,0.0,0.0
2024-08-02,0.0,0.0,0.0,0.0,0.0,8.065833333333334,0.0,0.0
2024-08-03,0.0,0.0,0.0,0.0,0.0,8.08388888888889,0.0,0.0
2024-08-04,0.0,0.0,0.0,0.0,0.0,7.035,0.0,0.0
2024-08-05,0.0,0.0,0.0,0.0,0.0,8.08361111111111,0.0,0.0
2024-08-06,0.0,0.0,0.0,0.0,0.0,7.8966666666666665,0.0,0.0
2024-08-07,0.0,0.0,0.0,0.0,0.0,7.2572222222222225,0.0,0.0
2024-08-08,0.0,0.0,0.0,0.0,0.0,8.08388888888889,0.0,0.0
2024-08-09,0.0,0.0,0.0,0.0,0.0,7.838333333333333,0.0,0.0
2024-08-10,0.0,0.0,0.0,0.0,0.0,7.9775,0.0,0.0
2024-08-11,0.0,0.0,0.0,0.0,0.0,8.08361111111111,0.0,0.0
2024-08-12,0.0,0.0,0.0,0.0,0.0,8.083333333333334,0.0,0.0
2024-08-13,0.0,0.0,0.0,0.0,0.0,8.083333333333334,0.0,0.0
2024-08-14,0.0,0.0,0.0,0.0,0.0,8.028055555555556,0.0,0.0
2024-08-15,0.0,0.0,0.0,0.0,0.0,8.083333333333334,0.0,0.0
2024-08-16,0.0,0.0,0.0,0.0,0.0,8.083333333333334,0.0,0.0
2024-08-17,0.0,0.0,0.0,0.0,0.0,8.08361111111111,0.0,0.0
2024-08-18,0.0,0.0,0.0,0.0,0.0,8.08388888888889,0.0,0.0
2024-08-19,0.0,0.0,0.0,0.0,0.0,8.08361111111111,0.0,0.0
2024-08-20,0.0,0.0,0.0,0.0,0.0,7.2025,0.0,0.0
2024-08-21,0.0,0.0,0.0,0.0,0.0,8.083333333333334,0.0,0.0
2024-08-22,0.0,0.0,0.0,0.0,0.0,7.821944444444445,0.0,0.0
2024-08-23,0.0,0.0,0.0,0.0,0.0,8.083333333333334,0.0,0.0
2024-08-24,0.0,0.0,0.0,0.0,0.0,8.08361111111111,0.0,0.0
2024-08-25,0.0,0.0,0.0,0.0,0.0,8.08388888888889,0.0,0.0
2024-08-26,0.0,0.0,0.0,0.0,0.0,8.08388888888889,0.0,0.0
2024-08-27,0.0,0.0,0.0,0.0,0.0,8.083333333333334,0.0,0.0
2024-08-28,0.0,0.0,0.0,0.0,0.0,8.056666666666667,0.0,0.0
2024-08-29,0.0,0.0,0.0,0.0,0.0,8.08388888888889,0.0,0.0
2024-08-30,0.0,0.0,0.0,0.0,0.0,8.083333333333334,0.0,0.0
2024-08-31,0.0,0.0,0.0,0.0,0.0,8.08388888888889,0.0,0.0
2024-09-01,0.0,0.0,0.0,0.0,0.0,8.030833333333334,0.0,0.0
2024-09-02,0.0,0.0,0.0,0.0,0.0,7.413611111111111,0.0,0.0
2024-09-03,0.0,0.0,0.0,0.0,0.0,8.08388888888889,0.0,0.0
2024-09-04,0.0,0.0,0.0,0.0,0.0,7.854722222222223,0.0,0.0
2024-09-05,0.0,0.0,0.0,0.0,0.0,8.083333333333334,0.0,0.0
2024-09-06,0.0,0.0,0.0,0.0,0.0,7.6338888888888885,0.0,0.0
2024-09-07,0.0,0.0,0.0,0.0,0.0,8.08388888888889,0.0,0.0
2024-09-08,0.0,0.0,0.0,0.0,0.0,8.083333333333334,0.0,0.0
2024-09-09,0.0,0.0,0.0,0.0,0.0,8.083333333333334,0.0,0.0
2024-09-10,0.0,0.0,0.0,0.0,0.0,8.08361111111111,0.0,0.0
2024-09-11,0.0,0.0,0.0,0.0,0.0,7.906944444444444,0.0,0.0
2024-09-12,0.0,0.0,0.0,0.0,0.0,7.0744444444444445,0.0,0.0
2024-09-13,0.0,0.0,0.0,0.0,0.0,7.915277777777778,0.0,0.0
2024-09-14,0.0,0.0,0.0,0.0,0.0,7.049722222222222,0.0,0.0
2024-09-15,0.0,0.0,0.0,0.0,0.0,6.921388888888889,0.0,0.0
2024-09-16,0.0,0.0,0.0,0.0,0.0,8.08388888888889,0.0,0.0
2024-09-17,0.0,0.0,0.0,0.0,0.0,7.3225,0.0,0.0
2024-09-18,0.0,0.0,0.0,0.0,0.0,7.962777777777777,0.0,0.0
2024-09-19,0.0,0.0,0.0,0.0,0.0,8.02361111111111,0.0,0.0
2024-09-20,0.0,0.0,0.0,0.0,0.0,8.08361111111111,0.0,0.0
2024-09-21,0.0,0.0,0.0,0.0,0.0,8.045555555555556,0.0,0.0
2024-09-22,0.0,0.0,0.0,0.0,0.0,7.502222222222223,0.0,0.0
2024-09-23,0.0,0.0,0.0,0.0,0.0,7.984166666666667,0.0,0.0
2024-09-24,0.0,0.0,0.0,0.0,0.0,8.08388888888889,0.0,0.0
2024-09-25,6.45,0.5916666666666667,2.3916666666666666,0.0,0.6916666666666667,18.258333333333333,0.0,0.0
2024-09-26,5.625,0.875,2.7416666666666667,0.0,0.6833333333333333,18.52166666666667,0.0,0.0
2024-09-27,6.175000000000001,0.625,2.8166666666666664,0.0,0.275,19.71472222222222,0.0,0.0
2024-09-28,4.591666666666667,1.125,1.3499999999999999,0.0,0.19999999999999998,16.566388888888888,0.0,0.0
2024-09-29,4.25,0.7250000000000001,1.4833333333333334,0.0,0.24166666666666667,16.37611111111111,0.0,0.0
2024-09-30,7.241666666666666,0.44999999999999996,2.091666666666667,0.0,0.9083333333333333,19.916944444444447,0.0,0.0
2024-10-01,6.625,0.43333333333333335,1.5,0.0,0.7833333333333333,19.464444444444442,0.0,0.0
2024-10-02,0.0,0.0,0.0,0.0,0.0,10.482222222222223,0.0,0.0
2024-10-03,6.175,0.25,1.7083333333333335,0.0,1.0333333333333334,17.948611111111113,0.0,0.0
2024-10-04,5.533333333333333,0.8666666666666667,2.8000000000000003,0.0,0.30833333333333335,20.283333333333335,0.0,0.0
2024-10-05,5.008333333333333,0.27499999999999997,1.6833333333333333,0.0,0.19166666666666665,15.69111111111111,0.0,0.0
2024-10-06,0.0,0.0,0.0,0.0,0.0,10.887222222222222,0.0,0.0
2024-10-07,5.191666666666666,0.7916666666666667,2.533333333333333,0.0,0.5750000000000001,18.780833333333334,0.0,0.0
2024-10-08,4.891666666666667,0.45833333333333337,1.2333333333333334,0.0,0.16666666666666669,16.698888888888888,0.0,0.0
2024-10-09,5.308333333333334,0.7833333333333333,2.375,0.0,0.9,18.505000000000003,0.0,0.0
2024-10-10,6.5,0.4666666666666667,2.5083333333333333,0.0,0.6,20.10527777777778,0.0,0.0
2024-10-11,7.525,0.4083333333333333,1.3916666666666666,0.0,0.4916666666666667,20.074166666666667,0.0,0.0
2024-10-12,0.0,0.0,0.0,0.0,0.0,10.719444444444443,0.0,0.0
2024-10-13,6.225,0.43333333333333335,1.8666666666666667,0.0,0.08333333333333333,18.110555555555553,0.0,0.0
2024-10-14,5.333333333333333,0.48333333333333334,2.625,0.0,0.95,17.848055555555558,0.0,0.0
2024-10-15,5.833333333333333,0.6166666666666667,1.9083333333333334,0.0,0.49166666666666664,17.7,0.0,0.0
2024-10-16,5.483333333333333,0.8416666666666668,2.325,0.0,0.4916666666666667,18.895,0.0,0.0
2024-10-17,0.0,0.0,0.0,0.0,0.0,10.760555555555555,0.0,0.0
2024-10-18,6.45,0.8083333333333333,2.0,0.0,0.5583333333333333,20.3075,0.0,0.0
2024-10-19,5.408333333333333,0.7166666666666667,2.2333333333333334,0.0,0.9,18.60527777777778,0.0,0.0
2024-10-20,0.0,0.0,0.0,0.0,0.0,9.343055555555557,0.0,0.0
2024-10-21,6.116666666666666,0.575,2.5583333333333336,0.0,0.375,19.276111111111113,0.0,0.0
2024-10-22,4.75,0.6583333333333333,1.4666666666666668,0.0,0.24999999999999997,15.313611111111111,0.0,0.0
2024-10-23,4.625,0.8666666666666667,2.1916666666666664,0.0,0.3,17.89638888888889,0.0,0.0
2024-10-24,6.583333333333334,0.48333333333333334,1.1833333333333333,0.0,0.45833333333333337,18.415555555555557,0.0,0.0
2024-10-25,7.691666666666666,0.5083333333333333,1.4416666666666667,0.0,0.7749999999999999,20.725,0.0,0.0
2024-10-26,6.408333333333333,0.3416666666666667,2.65,0.0,0.425,19.631666666666668,0.0,0.0
2024-10-27,0.0,0.0,0.0,0.0,0.0,8.783888888888889,0.0,0.0
2024-10-28,5.458333333333333,0.5333333333333333,2.725,0.0,0.7,18.805555555555554,0.0,0.0
2024-10-29,5.366666666666666,0.5166666666666666,2.9,0.0,0.45,18.725,0.0,0.0
2024-10-30,5.0,0.6333333333333333,1.5833333333333335,0.0,0.39999999999999997,16.71027777777778,0.0,0.0
2024-10-31,0.0,0.0,0.0,0.0,0.0,10.31861111111111,0.0,0.0
2024-11-01,0.0,0.0,0.0,0.0,0.0,9.61111111111111,0.0,0.0
2024-11-02,0.0,0.0,0.0,0.0,0.0,11.446111111111112,0.0,0.0
2024-11-03,6.641666666666667,0.2833333333333333,2.091666666666667,0.0,0.5916666666666667,19.5625,0.0,0.0
2024-11-04,0.0,0.0,0.0,0.0,0.0,10.149722222222222,0.0,0.0
2024-11-05,4.883333333333333,0.4583333333333333,1.3,0.0,0.26666666666666666,17.599166666666665,0.0,0.0
2024-11-06,0.0,0.0,0.0,0.0,0.0,9.713888888888889,0.0,0.0
2024-11-07,0.0,0.0,0.0,0.0,0.0,9.676388888888889,0.0,0.0
2024-11-11,6.491666666666667,0.525,1.9083333333333334,0.0,0.2,8.925,0.0,0.0
2024-11-13,5.533333333333333,0.8583333333333334,1.4833333333333334,0.0,0.26666666666666666,0.0,0.0,0.0
2024-11-15,5.116666666666667,0.5166666666666666,1.65,0.0,0.4583333333333333,0.0,0.0,0.0
2024-11-16,5.183333333333334,0.8166666666666667,1.775,0.0,0.55,0.0,0.0,0.0
2024-12-03,5.241666666666666,0.6583333333333333,2.2416666666666667,0.0,0.4083333333333334,0.0,0.0,0.0
2024-12-05,5.45,0.35833333333333334,1.5333333333333332,0.0,0.75,0.0,0.0,0.0
2024-12-06,5.1,0.3333333333333333,1.4083333333333334,0.0,0.7416666666666667,0.0,0.0,0.0
2024-12-16,5.25,0.6416666666666667,1.7416666666666667,0.0,0.19999999999999998,0.0,0.0,0.0
2024-12-21,0.0,0.0,0.0,0.5416666666666666,0.0,0.0,0.0,0.0
2024-12-22,0.0,0.0,0.0,0.4666666666666667,0.175,0.0,0.0,0.0
2025-01-08,6.55,0.05,0.875,0.0,0.9083333333333333,0.0,0.0,0.0
2025-01-11,7.141666666666667,0.35833333333333334,1.275,0.0,0.7583333333333334,0.0,0.0,0.0
2025-01-13,8.183333333333334,0.0,1.2333333333333334,0.0,0.30833333333333335,0.0,0.0,0.0
2025-01-31,3.3666666666666667,0.7,0.675,0.0,0.025,0.0,0.0,0.0
2025-02-11,7.991666666666666,0.44166666666666665,1.2083333333333335,0.0,1.3250000000000002,0.0,0.0,0.0
2025-03-01,0.0,0.0,0.0,1.2333333333333334,1.775,0.0,0.0,0.0
2025-03-03,4.3500000000000005,0.925,1.9416666666666667,0.0,0.05833333333333333,0.0,0.0,0.0
2025-03-04,6.041666666666667,0.41666666666666663,2.025,0.0,0.7833333333333333,0.0,0.0,0.0
2025-03-05,4.775,0.775,1.6333333333333335,0.0,0.325,0.0,0.0,0.0
2025-03-06,5.6,0.775,1.55,0.0,0.3833333333333333,0.0,0.0,0.0
2025-03-07,4.625,0.25833333333333336,2.0666666666666664,0.0,0.75,0.0,0.0,0.0
2025-03-09,5.1,0.5583333333333333,1.6416666666666666,0.0,0.4666666666666667,0.0,0.0,0.0
2025-03-10,5.308333333333334,0.15,2.041666666666667,0.0,1.075,0.0,0.0,0.0
2025-03-11,5.583333333333333,0.3,1.825,0.0,0.9416666666666667,0.0,0.0,0.0
2025-03-12,5.075,0.7833333333333333,1.4416666666666667,0.0,0.5166666666666667,0.0,0.0,0.0
2025-03-13,4.741666666666666,0.9833333333333333,2.025,0.0,0.5499999999999999,0.0,0.0,0.0
2025-03-14,4.441666666666666,0.9750000000000001,1.6,0.0,0.5666666666666667,0.0,0.0,0.0
2025-04-01,6.908333333333333,0.3333333333333333,1.2833333333333332,0.0,1.775,0.0,0.0,0.0
2025-04-02,4.775,0.8166666666666667,1.5583333333333333,0.0,0.7,0.0,0.0,0.0
2025-04-03,5.2,0.625,2.341666666666667,0.0,0.39166666666666666,0.0,0.0,0.0
2025-04-17,6.033333333333333,0.4916666666666667,1.975,1.125,0.6333333333333333,0.0,0.0,0.0
2025-04-25,4.166666666666667,0.9916666666666667,1.1,0.0,0.23333333333333334,0.0,0.0,0.0
2025-04-27,2.8499999999999996,0.48333333333333334,1.1083333333333334,0.0,0.23333333333333334,0.0,0.0,0.0
2025-04-28,2.216666666666667,0.20833333333333331,0.8,0.0,0.075,0.0,0.0,0.0
2025-05-01,0.0,0.0,0.0,1.1666666666666667,0.07500000000000001,0.0,0.0,0.0
2025-05-08,1.7416666666666667,1.125,1.0083333333333333,0.0,0.016666666666666666,0.0,0.0,0.0
2025-05-25,0.0,0.0,0.0,1.1416666666666666,0.075,0.0,0.0,0.0
2025-06-02,0.0,0.0,0.0,1.4749999999999999,0.175,0.0,0.0,0.0
2025-06-12,0.0,0.0,0.0,1.5,0.008333333333333333,0.0,0.0,0.0
2025-06-13,0.0,0.0,0.0,1.3083333333333333,0.0,0.0,0.0,0.0
2025-06-16,0.0,0.0,0.0,1.6416666666666666,0.03333333333333333,0.0,0.0,0.0
2025-06-30,0.0,0.0,0.0,1.0416666666666667,0.0,0.0,0.0,0.0
2025-07-21,0.0,0.0,0.0,1.65,0.18333333333333332,0.0,0.0,0.0
2025-07-24,6.483333333333333,0.26666666666666666,2.283333333333333,0.0,0.7083333333333334,0.0,0.0,0.0
2025-07-25,6.858333333333333,0.19999999999999998,1.6749999999999998,0.0,0.75,0.0,0.0,0.0
2025-07-26,7.375,0.39166666666666666,1.25,0.0,0.7416666666666666,0.0,0.0,0.0
2025-08-02,5.916666666666667,0.09166666666666667,1.7916666666666667,2.0,1.0083333333333333,0.0,0.0,0.0
2025-08-03,7.375,0.13333333333333333,1.6333333333333333,0.0,1.075,0.0,0.0,0.0
2025-08-07,6.841666666666667,0.4083333333333334,1.8166666666666667,1.4833333333333334,0.5333333333333333,0.0,0.0,0.0
2025-08-12,4.858333333333333,1.2083333333333333,1.175,0.0,0.7999999999999999,0.0,0.0,0.0
2025-08-13,4.683333333333334,0.6166666666666667,1.5916666666666668,0.0,0.7416666666666667,0.0,0.0,0.0
2025-08-14,5.033333333333333,0.9833333333333333,2.5416666666666665,0.0,0.4916666666666667,0.0,0.0,0.0
2025-08-15,5.05,0.975,2.825,0.0,0.9583333333333334,0.0,0.0,0.0
2025-08-16,5.0,0.6333333333333333,2.075,0.0,0.48333333333333334,0.0,0.0,0.0
2025-08-17,7.1083333333333325,0.225,1.3250000000000002,0.0,0.725,0.0,0.0,0.0
2025-08-18,6.225,0.3833333333333333,0.8083333333333333,0.0,0.24999999999999997,0.0,0.0,0.0
2025-08-19,5.733333333333333,0.14166666666666666,1.1583333333333332,1.5,0.20833333333333334,0.0,0.0,0.0
2025-08-20,4.766666666666667,0.20833333333333331,0.21666666666666667,0.0,0.20833333333333334,0.0,0.0,0.0
2025-08-21,4.741666666666667,0.30833333333333335,1.025,0.0,0.025,0.0,0.0,0.0
2025-08-22,5.941666666666666,0.11666666666666667,1.525,0.0,0.625,0.0,0.0,0.0
2025-08-23,5.558333333333333,0.5083333333333333,0.275,0.0,0.11666666666666667,0.0,0.0,0.0
2025-08-24,6.541666666666667,0.39166666666666666,1.0166666666666666,0.0,0.19166666666666665,0.0,0.0,0.0
2025-08-25,5.316666666666666,0.075,1.0083333333333333,1.0833333333333333,0.8,0.0,0.0,0.0
2025-08-26,4.800000000000001,0.8166666666666667,0.825,0.0,0.03333333333333333,0.0,0.0,0.0
2025-08-27,3.2416666666666667,0.45,0.016666666666666666,0.0,0.05,0.0,0.0,0.0
2025-08-28,4.475,0.30833333333333335,1.1083333333333334,1.0916666666666666,0.13333333333333333,0.0,0.0,0.0
2025-08-29,6.425,0.125,0.44999999999999996,0.0,0.06666666666666667,0.0,0.0,0.0
2025-08-30,4.691666666666666,0.5916666666666667,1.125,0.0,0.225,0.0,0.0,0.0
2025-08-31,5.108333333333333,0.075,1.1416666666666668,0.0,0.05,0.0,0.0,0.0
2025-09-01,3.808333333333333,0.4166666666666667,0.85,0.0,0.016666666666666666,0.0,0.0,0.0
2025-09-02,4.641666666666667,0.9166666666666666,1.4416666666666667,0.0,0.09166666666666667,0.0,0.0,0.0
2025-09-05,5.441666666666666,0.6416666666666667,2.0166666666666666,0.0,1.4666666666666668,0.0,0.0,0.0
2025-09-06,3.1999999999999997,1.25,1.1416666666666666,0.0,0.008333333333333333,0.0,0.0,0.0
2025-09-20,4.456944444444445,0.8944444444444445,2.006944444444444,0.0,0.3427777777777778,0.0,0.0,0.0
2025-09-21,4.408055555555555,0.8197222222222222,1.6897222222222221,0.0,0.6272222222222222,0.0,0.0,0.0
2025-09-22,4.643055555555556,0.435,2.049444444444444,0.0,0.795,0.0,0.0,0.0
2025-09-24,4.191388888888889,0.8113888888888889,1.4891666666666667,0.0,0.7027777777777777,0.0,0.0,0.0
2025-09-25,5.161388888888888,0.7111111111111111,1.5305555555555554,1.0119444444444445,1.0627777777777778,0.0,0.0,0.0
2025-09-26,3.6469444444444443,0.7691666666666667,2.291944444444445,0.0,1.18,0.0,0.0,0.0
2025-09-27,4.267222222222222,0.7027777777777778,0.9538888888888888,0.0,1.0372222222222223,0.0,0.0,0.0
2025-09-29,4.853611111111111,0.14222222222222222,1.2555555555555555,0.0,1.1297222222222223,0.0,0.0,0.0
2025-09-30,5.113888888888889,1.2302777777777778,2.3097222222222222,0.0,0.5105555555555555,0.0,0.0,0.0
2025-10-01,3.44,0.9958333333333333,1.791111111111111,0.0,1.4144444444444444,0.0,0.0,0.0
2025-10-02,4.864166666666667,0.6950000000000001,1.7077777777777778,0.0,0.9202777777777778,0.0,0.0,0.0
2025-10-03,3.9183333333333334,0.903888888888889,1.9255555555555555,0.0,1.313611111111111,0.0,0.0,0.0
2025-10-04,5.173888888888889,0.543611111111111,1.9836111111111112,0.0,1.9752777777777777,0.0,0.0,0.0
2025-10-05,4.0680555555555555,0.8202777777777778,1.155,0.0,1.3055555555555556,0.0,0.0,0.0
2025-10-06,4.250555555555556,0.9705555555555556,1.5480555555555555,0.0,0.31833333333333336,0.0,0.0,0.0
2025-10-08,5.011111111111111,0.2761111111111111,0.9369444444444445,0.0,1.5305555555555557,0.0,0.0,0.0
2025-10-09,5.596666666666667,0.5775,2.3427777777777776,1.472222222222222,1.5980555555555556,0.0,0.0,0.0
2025-10-10,5.137777777777778,0.5938888888888889,1.8905555555555555,0.0,1.0880555555555556,0.0,0.0,0.0
2025-10-11,4.292777777777778,0.7280555555555556,1.1297222222222223,0.0,0.5013888888888889,0.0,0.0,0.0
2025-10-12,4.501388888888889,0.7194444444444444,2.6688888888888886,0.0,1.363888888888889,0.0,0.0,0.0
2025-10-13,4.175277777777778,0.7783333333333333,1.7316666666666665,0.0,2.1669444444444443,0.0,0.0,0.0
2025-10-14,6.075277777777778,0.6611111111111111,1.6902777777777778,0.0,0.8697222222222222,0.0,0.0,0.0
2025-10-15,5.556111111111111,0.4013888888888889,1.5397222222222222,0.0,1.2302777777777778,0.0,0.0,0.0
2025-10-16,6.041666666666666,0.4938888888888889,2.4855555555555555,0.0,0.5355555555555556,0.0,0.0,0.0
2025-10-17,5.456944444444445,0.7447222222222223,2.2591666666666668,0.0,0.6519444444444444,0.0,0.0,0.0
2025-10-18,3.348611111111111,0.46,1.3805555555555555,0.0,1.2130555555555556,0.0,0.0,0.0
2025-10-19,5.071944444444444,0.6355555555555555,2.3183333333333334,0.0,1.3975,0.0,0.0,0.0
2025-10-20,4.267777777777778,0.6025,2.0508333333333333,0.0,0.5027777777777778,0.0,0.0,0.0
2025-10-21,4.176666666666667,0.8536111111111111,1.7822222222222222,0.0,0.9708333333333333,0.0,0.0,0.0
2025-10-22,4.970833333333333,1.0880555555555556,1.6819444444444445,0.0,0.7947222222222222,0.0,0.0,0.0
2025-10-23,4.996666666666666,0.5605555555555556,1.0461111111111112,0.0,1.665,0.0,0.0,0.0
2025-10-24,5.246666666666666,0.7194444444444444,1.9580555555555554,0.0,0.7866666666666666,0.0,0.0,0.0
2025-10-25,5.555833333333333,0.435,1.8158333333333334,0.0,2.167222222222222,0.0,0.0,0.0
2025-10-26,5.581388888888889,0.5355555555555556,2.2683333333333335,0.0,0.9297222222222222,0.0,0.0,0.0
2025-10-27,5.5075,0.2677777777777778,1.6911111111111112,0.0,1.0625,0.0,0.0,0.0
2025-10-28,4.544444444444444,0.4608333333333333,1.5236111111111112,0.0,0.8786111111111111,0.0,0.0,0.0
2025-10-29,5.974722222222222,0.5525,2.3344444444444443,0.0,1.0541666666666667,0.0,0.0,0.0
2025-10-30,5.020555555555555,0.2594444444444444,1.7236111111111112,0.0,1.5816666666666668,0.0,0.0,0.0
2025-10-31,5.446666666666666,0.9450000000000001,1.6147222222222222,0.0,1.3305555555555555,0.0,0.0,0.0
2025-11-01,5.104444444444445,0.9880555555555556,2.1925,0.0,1.096111111111111,0.0,0.0,0.0
2025-11-02,5.656388888888889,0.9205555555555556,2.301111111111111,0.0,0.7197222222222222,0.0,0.0,0.0
2025-11-04,4.9783333333333335,0.8619444444444445,2.6352777777777776,0.0,1.146388888888889,0.0,0.0,0.0
2025-11-05,4.761388888888889,0.7444444444444445,1.4561111111111111,0.0,0.5858333333333333,0.0,0.0,0.0
2025-11-06,4.720833333333333,0.4683333333333333,2.560277777777778,0.0,0.9708333333333333,0.0,0.0,0.0
2025-11-07,4.8116666666666665,0.49388888888888893,1.9913888888888889,0.0,0.7611111111111111,0.0,0.0,0.0
2025-11-08,6.183888888888889,0.6863888888888889,1.9000000000000001,0.0,0.6352777777777778,0.0,0.0,0.0
2025-11-09,3.9247222222222224,0.8366666666666667,1.2302777777777778,0.0,1.4730555555555556,0.0,0.0,0.0
2025-11-10,5.105277777777778,0.3180555555555556,2.1594444444444445,0.0,1.188611111111111,0.0,0.0,0.0
2025-11-11,4.460555555555556,0.6697222222222222,1.6658333333333333,0.0,0.9375,0.0,0.0,0.0
2025-11-12,5.248333333333333,0.9041666666666667,2.335,0.0,0.518888888888889,0.0,0.0,0.0
2025-11-13,5.523333333333333,0.8122222222222222,2.361111111111111,0.0,0.7291666666666666,0.0,0.0,0.0
2025-11-14,5.843611111111111,0.9963888888888889,1.7247222222222223,0.0,0.4686111111111111,0.0,0.0,0.0
2025-11-15,4.453333333333333,0.803611111111111,1.9758333333333333,0.0,1.5230555555555556,0.0,0.0,0.0
2025-11-16,6.354444444444445,0.47750000000000004,2.151388888888889,0.0,0.8786111111111111,0.0,0.0,0.0
2025-11-17,4.831388888888889,0.5858333333333333,1.5905555555555555,0.0,1.1966666666666668,0.0,0.0,0.0
2025-11-18,3.9519444444444445,1.4397222222222223,2.5441666666666665,0.0,1.2225000000000001,0.0,0.0,0.0
2025-11-19,4.78,0.753611111111111,1.766111111111111,0.0,0.30972222222222223,0.0,0.0,0.0
2025-11-20,4.435833333333333,0.9791666666666666,2.1675,0.0,1.7580555555555555,0.0,0.0,0.0
2025-11-21,4.78,0.7194444444444444,1.7155555555555555,0.0,1.0880555555555556,0.0,0.0,0.0
2025-11-22,5.013055555555556,0.7447222222222222,1.9580555555555557,0.0,1.7166666666666668,0.0,0.0,0.0
2025-11-23,5.448333333333333,0.8036111111111112,1.8919444444444444,0.0,0.7202777777777778,0.0,0.0,0.0
2025-11-24,4.545277777777778,0.42694444444444446,2.100833333333333,0.0,0.8358333333333333,0.0,0.0,0.0
2025-11-25,3.9919444444444445,1.0127777777777778,1.698611111111111,0.0,2.0502777777777776,0.0,0.0,0.0
2025-11-26,4.302222222222222,0.9375,1.406111111111111,0.0,0.3763888888888889,0.0,0.0,0.0
2025-11-27,6.2347222222222225,0.5525,2.3019444444444446,0.0,0.9205555555555556,0.0,0.0,0.0
2025-11-28,3.3405555555555555,0.6027777777777777,1.6824999999999999,0.0,1.5558333333333334,0.0,0.0,0.0
2025-11-29,5.063888888888889,0.7286111111111111,2.5191666666666666,0.0,1.5233333333333334,0.0,0.0,0.0
2025-11-30,6.301944444444445,0.5191666666666667,1.7405555555555556,0.0,0.8952777777777777,0.0,0.0,0.0
2025-12-01,5.098333333333334,0.5355555555555556,2.1591666666666667,0.0,0.7191666666666666,0.0,0.0,0.0
2025-12-02,4.8975,0.8961111111111111,2.3855555555555554,0.0,1.7072222222222222,0.0,0.0,0.0
2025-12-03,4.042777777777777,0.8202777777777778,1.2808333333333333,0.0,0.6783333333333333,0.0,0.0,0.0
2025-12-05,5.842222222222222,0.6944444444444444,1.9663888888888887,0.0,0.6186111111111111,0.0,0.0,0.0
2025-12-06,5.674166666666666,0.4852777777777778,1.9330555555555555,0.0,1.7736111111111112,0.0,0.0,0.0
2025-12-07,5.230277777777778,1.1547222222222222,1.9255555555555555,0.0,1.9491666666666667,0.0,0.0,0.0
2025-12-08,4.478055555555556,0.6444444444444444,2.6280555555555556,0.0,2.5941666666666663,0.0,0.0,0.0
2025-12-09,6.168611111111112,0.4855555555555556,1.573611111111111,0.0,0.8033333333333333,0.0,0.0,0.0
2025-12-10,4.402222222222222,0.6780555555555556,2.2930555555555556,0.0,0.46,0.0,0.0,0.0
2025-12-11,4.176388888888889,0.77,2.812222222222222,0.0,1.3225,0.0,0.0,0.0
2025-12-12,5.1386111111111115,0.6447222222222222,2.2941666666666665,0.0,0.6283333333333333,0.0,0.0,0.0
2025-12-13,5.258055555555556,0.5608333333333333,2.2766666666666664,0.0,1.0625,0.0,0.0,0.0
2025-12-14,4.778888888888889,0.7197222222222222,2.2008333333333336,0.0,1.5230555555555556,0.0,0.0,0.0
2025-12-15,4.410833333333334,0.3680555555555556,1.6149999999999998,0.0,0.6697222222222222,0.0,0.0,0.0
2025-12-16,5.356944444444444,0.7036111111111111,1.9166666666666667,0.0,0.7947222222222223,0.0,0.0,0.0
2025-12-17,4.9625,0.3936111111111111,1.6069444444444445,0.0,2.1094444444444442,0.0,0.0,0.0
2025-12-19,6.135555555555555,0.5525,2.586666666666667,0.0,1.1891666666666667,0.0,0.0,0.0
2025-12-20,4.445277777777778,1.263611111111111,2.4611111111111112,0.0,0.9375,0.0,0.0,0.0
2025-12-21,4.1097222222222225,0.4186111111111111,0.8869444444444445,0.0,0.7366666666666667,0.0,0.0,0.0
2025-12-22,4.872777777777777,0.5441666666666667,2.134722222222222,0.0,0.7869444444444444,0.0,0.0,0.0
2025-12-23,5.693333333333333,0.7030555555555555,2.1019444444444444,0.0,1.155,0.0,0.0,0.0
2025-12-24,5.919722222222222,0.0,1.5744444444444445,0.0,0.8705555555555555,0.0,0.0,0.0
2025-12-25,4.99,1.3227777777777778,1.8836111111111111,0.0,0.9883333333333333,0.0,0.0,0.0
2025-12-26,6.020277777777778,0.47694444444444445,2.445,0.0,0.6780555555555556,0.0,0.0,0.0
2025-12-27,5.718611111111111,0.40166666666666667,1.8333333333333333,0.0,1.3980555555555556,0.0,0.0,0.0
2025-12-28,5.324166666666667,0.6444444444444444,2.520277777777778,0.0,1.013611111111111,0.0,0.0,0.0
2025-12-29,3.416388888888889,0.7033333333333334,1.9755555555555555,0.0,1.3144444444444445,0.0,0.0,0.0
2025-12-30,5.165555555555556,0.32666666666666666,3.458055555555555,0.0,1.0044444444444445,0.0,0.0,0.0
2025-12-31,6.3936111111111105,0.5775,1.6816666666666666,0.0,0.7119444444444445,0.0,0.0,0.0
2026-01-01,5.6499999999999995,0.7033333333333334,2.268333333333333,0.0,0.5688888888888889,0.0,0.0,0.0
2026-01-02,4.620833333333334,0.4522222222222222,2.561111111111111,0.0,1.6069444444444445,0.0,0.0,0.0
2026-01-03,4.193888888888889,0.5944444444444444,2.1341666666666668,0.0,2.3433333333333337,0.0,0.0,0.0
2026-01-04,5.140277777777778,0.7283333333333333,1.9675,0.0,2.5533333333333332,0.0,0.0,0.0
2026-01-05,4.253055555555555,0.7536111111111111,2.2355555555555555,0.0,0.8202777777777778,0.0,0.0,0.0
2026-01-06,5.148888888888889,0.6108333333333333,1.841388888888889,0.0,1.0883333333333334,0.0,0.0,0.0
2026-01-07,4.4447222222222225,0.2847222222222222,1.791111111111111,0.0,0.8702777777777778,0.0,0.0,0.0
2026-01-08,5.624722222222222,0.6947222222222222,1.7825,0.0,1.0963888888888889,0.0,0.0,0.0
2026-01-09,4.921388888888889,0.6872222222222222,1.7991666666666666,0.0,0.9202777777777779,0.0,0.0,0.0
2026-01-10,5.004166666666666,0.3597222222222222,1.9502777777777778,0.0,1.4638888888888888,0.0,0.0,0.0
2026-01-11,4.878333333333333,0.7947222222222222,2.418333333333333,0.0,1.3975,0.0,0.0,0.0
2026-01-12,5.06361111111111,0.9538888888888889,1.9247222222222222,0.0,0.7450000000000001,0.0,0.0,0.0
2026-01-13,4.603055555555556,1.0633333333333335,2.201111111111111,0.0,1.8824999999999998,0.0,0.0,0.0
2026-01-14,6.058888888888889,0.46055555555555555,1.7741666666666667,0.0,1.8411111111111111,0.0,0.0,0.0
2026-01-15,5.0475,1.0466666666666666,1.3808333333333334,0.0,1.4313888888888888,0.0,0.0,0.0
2026-01-16,6.1530555555555555,0.5691666666666666,1.5241666666666667,0.0,1.4644444444444444,0.0,0.0,0.0
2026-01-17,4.563611111111111,0.8875,2.2686111111111114,0.0,1.6577777777777778,0.0,0.0,0.0
2026-01-18,4.596388888888889,0.4519444444444444,2.0930555555555554,0.0,1.1883333333333335,0.0,0.0,0.0
2026-01-19,5.701666666666666,0.5441666666666667,1.573611111111111,0.0,0.385,0.0,0.0,0.0
2026-01-20,5.315833333333333,0.6613888888888888,2.0008333333333335,0.0,0.8877777777777778,0.0,0.0,0.0
2026-01-21,4.479444444444445,0.6533333333333333,0.9294444444444445,0.0,1.741111111111111,0.0,0.0,0.0
2026-01-22,4.505833333333333,0.8288888888888889,1.5072222222222222,0.0,2.436388888888889,0.0,0.0,0.0
2026-01-23,4.076944444444444,0.9805555555555555,2.2022222222222223,0.0,1.2983333333333333,0.0,0.0,0.0
2026-01-24,5.593611111111111,0.7369444444444444,2.352777777777778,0.0,0.543611111111111,0.0,0.0,0.0
2026-01-25,4.815277777777778,1.1972222222222222,1.9002777777777777,0.0,0.9036111111111111,0.0,0.0,0.0
2026-01-26,5.391944444444444,0.5863888888888888,1.7669444444444444,0.0,0.7366666666666667,0.0,0.0,0.0
2026-01-27,3.525,0.778888888888889,1.5319444444444443,0.0,2.186111111111111,0.0,0.0,0.0
2026-01-28,5.458611111111111,0.6530555555555555,1.415,0.0,0.5866666666666667,0.0,0.0,0.0
2026-01-29,5.065833333333334,0.7613888888888889,2.3525,0.0,0.6619444444444444,0.0,0.0,0.0
2026-01-30,4.731388888888889,0.6113888888888889,2.6127777777777776,0.0,1.791111111111111,0.0,0.0,0.0
2026-01-31,4.354444444444445,1.1472222222222221,2.42,0.0,0.11722222222222223,0.0,0.0,0.0
2026-02-01,3.9361111111111113,0.6363888888888889,2.3116666666666665,0.0,1.7330555555555556,0.0,0.0,0.0
2026-02-02,4.5552777777777775,0.6280555555555556,2.0025,0.0,1.2897222222222222,0.0,0.0,0.0
2026-02-03,4.806111111111111,0.6197222222222222,1.2894444444444444,0.0,0.7869444444444444,0.0,0.0,0.0
2026-02-05,3.993888888888889,1.0294444444444444,1.4316666666666666,0.0,1.6575,0.0,0.0,0.0
2026-02-06,4.663611111111111,0.7452777777777778,1.725,0.0,1.1722222222222223,0.0,0.0,0.0
2026-02-07,4.722222222222222,0.6952777777777777,3.1480555555555556,0.0,0.4944444444444444,0.0,0.0,0.0
2026-02-08,4.439444444444445,0.6363888888888889,1.8344444444444445,0.0,1.1547222222222222,0.0,0.0,0.0
2026-02-09,4.631388888888889,0.5111111111111111,1.8005555555555555,0.0,1.105,0.0,0.0,0.0
2026-02-10,5.735833333333333,0.7369444444444444,2.6130555555555555,0.0,0.3091666666666667,0.0,0.0,0.0
2026-02-11,3.826388888888889,0.5775,1.7247222222222223,0.0,0.28444444444444444,0.0,0.0,0.0
2026-02-12,5.450555555555555,0.778888888888889,1.9002777777777777,0.0,0.2511111111111111,0.0,0.0,0.0
2026-02-13,5.709444444444444,0.41055555555555556,2.529166666666667,0.0,0.7280555555555556,0.0,0.0,0.0
2026-02-14,3.96,0.5691666666666667,2.4025,0.0,1.0633333333333332,0.0,0.0,0.0
2026-02-15,4.026388888888889,1.03,1.7997222222222222,0.0,0.4855555555555555,0.0,0.0,0.0
2026-02-16,4.695833333333334,1.0461111111111112,2.2352777777777777,0.0,0.7783333333333333,0.0,0.0,0.0
2026-02-17,5.516111111111111,0.5272222222222223,2.185,0.0,0.7288888888888889,0.0,0.0,0.0
2026-02-18,5.667777777777778,0.6694444444444444,1.4227777777777777,0.0,0.7036111111111112,0.0,0.0,0.0
2026-02-19,5.634722222222222,0.6947222222222222,1.306111111111111,0.0,1.1800000000000002,0.0,0.0,0.0
2026-02-20,6.745833333333334,0.42666666666666664,2.1675,0.0,0.6947222222222222,0.0,0.0,0.0
2026-02-21,4.284166666666667,0.35138888888888886,1.313611111111111,0.0,1.1802777777777778,0.0,0.0,0.0
2026-02-23,5.2725,0.5691666666666666,1.9497222222222224,0.0,1.1805555555555556,0.0,0.0,0.0
2026-02-25,5.331111111111111,0.803611111111111,1.7577777777777779,0.0,0.9708333333333333,0.0,0.0,0.0
2026-02-26,5.148888888888889,0.9119444444444444,1.7161111111111111,0.0,1.4891666666666665,0.0,0.0,0.0
2026-02-27,5.935833333333333,0.6025,2.2263888888888888,0.0,0.9458333333333333,0.0,0.0,0.0
2026-02-28,4.846111111111111,0.5275,1.8836111111111111,0.0,1.615,0.0,0.0,0.0
2026-03-01,5.984444444444444,0.4186111111111111,2.201388888888889,0.0,0.7105555555555555,0.0,0.0,0.0
2026-03-02,5.181666666666667,0.4602777777777778,2.352222222222222,0.0,1.028888888888889,0.0,0.0,0.0
2026-03-03,4.134722222222222,0.8872222222222222,2.3019444444444446,0.0,0.9875,0.0,0.0,0.0
2026-03-04,4.467777777777778,1.28,1.096111111111111,0.0,0.6025,0.0,0.0,0.0
2026-03-05,4.585555555555556,0.5769444444444445,2.1502777777777777,0.0,2.886111111111111,0.0,0.0,0.0
2026-03-06,4.341666666666667,0.8533333333333334,2.6025,0.0,1.3055555555555556,0.0,0.0,0.0
2026-03-07,4.200277777777778,0.5272222222222223,1.1880555555555556,0.0,0.5519444444444445,0.0,0.0,0.0
2026-03-08,5.338333333333333,0.6941666666666666,1.5058333333333334,0.0,0.5438888888888889,0.0,0.0,0.0
2026-03-09,5.028333333333333,1.1797222222222221,2.0919444444444446,0.0,0.6691666666666667,0.0,0.0,0.0
2026-03-10,4.434444444444445,0.7447222222222223,1.9994444444444446,0.0,0.9122222222222223,0.0,0.0,0.0
2026-03-11,2.7358333333333333,0.5522222222222222,1.8658333333333335,0.0,0.13416666666666666,0.0,0.0,0.0
2026-03-12,5.79,0.6691666666666667,2.4766666666666666,0.0,0.8369444444444445,0.0,0.0,0.0
2026-03-13,5.287777777777778,0.29305555555555557,1.6480555555555556,0.0,1.7988888888888888,0.0,0.0,0.0
2026-03-14,5.631944444444445,0.5269444444444445,2.426388888888889,0.0,0.9952777777777778,0.0,0.0,0.0
2026-03-15,5.204444444444444,0.4772222222222222,1.8908333333333334,0.0,1.3555555555555556,0.0,0.0,0.0
2026-03-16,3.1983333333333333,0.6613888888888889,1.825,0.0,0.8455555555555555,0.0,0.0,0.0
2026-03-17,3.8316666666666666,1.0625,1.4897222222222222,0.0,1.3805555555555555,0.0,0.0,0.0
2026-03-18,5.739444444444445,0.5855555555555555,1.539722222222222,0.0,0.6108333333333333,0.0,0.0,0.0
2026-03-19,4.217777777777778,0.8113888888888888,2.0494444444444446,0.0,0.33472222222222225,0.0,0.0,0.0
2026-03-20,5.087222222222222,0.903888888888889,1.8652777777777776,0.0,0.82,0.0,0.0,0.0
2026-03-21,5.263333333333334,0.6361111111111111,2.2169444444444446,0.0,0.7441666666666666,0.0,0.0,0.0
2026-03-23,5.336944444444445,0.6527777777777778,2.242777777777778,0.0,1.3644444444444443,0.0,0.0,0.0
2026-03-24,4.6177777777777775,0.5691666666666666,1.9247222222222222,0.0,1.9075,0.0,0.0,0.0
2026-03-25,4.668611111111111,0.6191666666666666,1.7819444444444446,0.0,0.4102777777777778,0.0,0.0,0.0
2026-03-26,4.5344444444444445,0.8538888888888889,1.966388888888889,0.0,1.6477777777777778,0.0,0.0,0.0
2026-03-27,5.598333333333333,0.5013888888888889,1.7152777777777777,0.0,1.0625,0.0,0.0,0.0
2026-03-28,4.433888888888889,0.7863888888888888,1.7822222222222224,0.0,0.7536111111111111,0.0,0.0,0.0
2026-03-29,3.8738888888888887,0.5602777777777778,1.7155555555555555,0.0,1.8155555555555556,0.0,0.0,0.0
2026-03-30,5.355277777777777,0.5186111111111111,2.1669444444444443,0.0,0.8366666666666667,0.0,0.0,0.0
2026-04-01,3.6391666666666667,0.7780555555555555,1.7738888888888888,0.0,1.0544444444444445,0.0,0.0,0.0
2026-04-02,3.8905555555555553,0.7194444444444444,1.3641666666666667,0.0,0.6858333333333333,0.0,0.0,0.0
2026-04-03,5.153333333333333,0.5358333333333333,1.916111111111111,0.0,0.6358333333333334,0.0,0.0,0.0
2026-04-04,4.3163888888888895,0.7866666666666666,2.1080555555555556,0.0,0.6452777777777777,0.0,0.0,0.0
2026-04-05,4.919722222222222,0.4686111111111111,1.3219444444444444,0.0,1.5058333333333334,0.0,0.0,0.0
2026-04-06,4.518055555555556,0.8955555555555555,2.836388888888889,0.0,0.9786111111111111,0.0,0.0,0.0
2026-04-07,4.944166666666667,0.8200000000000001,2.0083333333333333,0.0,0.36833333333333335,0.0,0.0,0.0
2026-04-08,5.086388888888889,0.6527777777777778,1.798888888888889,0.0,1.2888888888888888,0.0,0.0,0.0
2026-04-09,4.735555555555556,0.8366666666666667,1.9997222222222222,0.0,0.8869444444444445,0.0,0.0,0.0
2026-04-10,4.818611111111111,0.5858333333333333,1.9077777777777778,0.0,0.7366666666666667,0.0,0.0,0.0
2026-04-11,6.241944444444444,0.45999999999999996,1.8569444444444443,0.0,0.8786111111111111,0.0,0.0,0.0
2026-04-12,4.601388888888889,0.9791666666666667,1.7655555555555555,0.0,1.5980555555555556,0.0,0.0,0.0
2026-04-13,5.972777777777778,0.5522222222222222,2.200833333333333,0.0,1.1891666666666667,0.0,0.0,0.0
2026-04-14,5.371388888888888,0.5438888888888889,1.9244444444444444,0.0,0.795,0.0,0.0,0.0
2026-04-16,6.090833333333333,0.4269444444444444,1.991111111111111,0.0,0.7952777777777778,0.0,0.0,0.0
2026-04-17,5.3966666666666665,0.5102777777777778,2.258611111111111,0.0,1.3222222222222222,0.0,0.0,0.0
2026-04-18,4.970277777777778,0.41,1.8822222222222222,0.0,1.4477777777777778,0.0,0.0,0.0
2026-04-19,5.253888888888889,0.8202777777777778,2.2758333333333334,0.0,0.8200000000000001,0.0,0.0,0.0
2026-04-20,4.911388888888889,0.5858333333333333,1.7236111111111112,0.0,2.4347222222222222,0.0,0.0,0.0
2026-04-21,7.210833333333333,0.08361111111111111,0.9202777777777778,2.501388888888889,4.812222222222222,0.0,0.0,0.0
2026-04-22,5.288333333333333,0.3008333333333333,1.9577777777777778,0.0,1.4894444444444443,0.0,0.0,0.0
2026-04-23,4.636111111111111,0.5102777777777778,0.895,0.0,3.220833333333333,0.0,0.0,0.0
2026-04-24,5.539166666666667,0.5941666666666667,2.0077777777777777,0.0,1.8491666666666666,0.0,0.0,0.0
2026-04-25,5.648055555555556,0.0,1.6897222222222221,0.0,1.2797222222222222,0.0,0.0,0.0
2026-04-26,6.559722222222223,0.36833333333333335,1.7149999999999999,0.0,1.3972222222222221,0.0,0.0,0.0
2026-04-27,4.46,0.6025,1.1375000000000002,0.0,0.6944444444444444,0.0,0.0,0.0
2026-04-28,5.488611111111111,0.435,2.401388888888889,0.0,0.8283333333333334,0.0,0.0,0.0
2026-04-29,4.3261111111111115,0.49333333333333335,1.6572222222222222,0.0,0.7777777777777778,0.0,0.0,0.0
2026-04-30,6.233333333333333,0.10055555555555555,2.217222222222222,0.0,0.9955555555555555,0.0,0.0,0.0
2026-05-01,5.681111111111111,0.2175,1.481111111111111,0.0,0.9869444444444444,0.0,0.0,0.0
2026-05-02,4.450833333333333,0.745,1.8741666666666668,0.0,0.49361111111111117,0.0,0.0,0.0
2026-05-04,0.0,0.0,0.0,1.9827777777777778,0.20083333333333334,0.0,0.0,0.0
2026-05-09,5.6475,0.03333333333333333,1.9158333333333335,0.0,1.0630555555555554,0.0,0.0,0.0
2026-05-10,4.015833333333333,0.5019444444444445,1.4894444444444446,0.0,1.8575,0.0,0.0,0.0
2026-05-11,5.555833333333333,0.5688888888888889,2.1333333333333333,0.0,1.8575,0.0,0.0,0.0
2026-05-12,0.0,0.0,0.0,1.1966666666666668,0.0,0.0,0.0,0.0
2026-05-14,0.0,0.0,0.0,1.0875,0.0,0.0,0.0,0.0
2026-05-19,5.154444444444445,0.5269444444444444,1.2630555555555556,0.0,1.313611111111111,0.0,0.0,0.0
2026-05-22,4.593611111111111,0.6861111111111111,2.6352777777777776,0.0,1.1633333333333333,0.0,0.0,0.0
2026-05-23,5.353888888888889,0.5022222222222222,2.4266666666666667,0.0,0.8788888888888889,0.0,0.0,0.0
2026-05-24,5.7225,0.7197222222222222,2.0833333333333335,0.0,0.9622222222222222,0.0,0.0,0.0
2026-05-25,6.3933333333333335,0.5272222222222223,1.7730555555555556,0.0,1.1708333333333334,0.0,0.0,0.0
2026-05-26,5.480555555555555,0.34305555555555556,2.1755555555555555,0.0,1.0541666666666667,0.0,0.0,0.0
2026-05-27,4.92,0.5102777777777778,1.3552777777777778,0.0,1.6397222222222223,0.0,0.0,0.0
2026-05-29,4.844722222222223,0.4769444444444445,2.050277777777778,0.0,0.7441666666666668,0.0,0.0,0.0
2026-05-30,3.941111111111111,0.5441666666666667,2.2088888888888887,0.0,1.5475,0.0,0.0,0.0
2026-05-31,4.6691666666666665,0.47694444444444445,2.4008333333333334,0.0,1.1547222222222222,0.0,0.0,0.0
2026-06-01,6.158333333333333,0.43527777777777776,1.857222222222222,0.0,0.7947222222222222,0.0,0.0,0.0
2026-06-02,4.961666666666667,0.5022222222222222,1.2797222222222222,0.0,0.7947222222222222,0.0,0.0,0.0
2026-06-03,4.433611111111111,0.43527777777777776,2.100277777777778,0.0,1.1047222222222222,0.0,0.0,0.0
2026-06-04,5.496666666666666,0.6358333333333333,1.4561111111111111,0.0,2.016388888888889,0.0,0.0,0.0
2026-06-05,3.8655555555555554,0.7277777777777779,2.125,0.0,0.7030555555555555,0.0,0.0,0.0
2026-06-06,4.575833333333334,0.3763888888888889,1.9502777777777778,0.0,0.7363888888888889,0.0,0.0,0.0
2026-06-07,5.5136111111111115,1.0294444444444444,2.7358333333333333,0.0,1.0125,0.0,0.0,0.0
2026-06-08,4.359444444444445,0.5355555555555556,2.158333333333333,0.0,1.1291666666666667,0.0,0.0,0.0
2026-06-09,5.2625,0.7697222222222222,1.4972222222222222,0.0,0.7783333333333333,0.0,0.0,0.0
2026-06-14,4.166111111111111,0.5438888888888889,1.3222222222222222,0.0,1.347222222222222,0.0,0.0,0.0
2026-06-15,5.555833333333333,0.4769444444444444,0.8283333333333334,0.0,1.8655555555555554,0.0,0.0,0.0
2026-06-16,4.192222222222222,0.8536111111111111,1.7902777777777779,0.0,0.5602777777777778,0.0,0.0,0.0
2026-06-17,0.0,0.0,0.0,1.0461111111111112,0.0,0.0,0.0,0.0
2026-06-18,5.145277777777777,0.0,1.648611111111111,1.7069444444444444,1.388611111111111,0.0,0.0,0.0
2026-06-19,4.911111111111111,0.4769444444444444,2.593888888888889,0.0,2.1,0.0,0.0,0.0
2026-06-20,5.246388888888889,0.6694444444444445,1.681388888888889,0.0,0.8783333333333333,0.0,0.0,0.0
2026-06-21,4.417222222222222,0.5522222222222223,2.2508333333333335,0.0,0.6861111111111111,0.0,0.0,0.0
2026-06-22,3.798611111111111,0.5947222222222222,1.9322222222222223,0.0,1.1205555555555555,0.0,0.0,0.0
2026-06-23,2.543333333333333,0.6694444444444445,1.6983333333333333,0.0,0.736388888888889,0.0,0.0,0.0
2026-06-24,4.769722222222223,0.6272222222222222,2.2841666666666667,0.0,1.0625,0.0,0.0,0.0
2026-06-26,3.623611111111111,1.0458333333333334,0.9619444444444444,0.0,0.6186111111111111,0.0,0.0,0.0
2026-06-28,5.020277777777777,0.5355555555555556,2.5102777777777776,0.0,0.643888888888889,0.0,0.0,0.0
2026-06-29,3.8738888888888887,0.435,1.2719444444444443,0.0,1.4805555555555556,0.0,0.0,0.0
2026-06-30,4.408888888888889,1.0547222222222223,2.5941666666666667,1.7819444444444446,0.9538888888888889,0.0,0.0,0.0
2026-07-01,3.7819444444444446,1.0375,1.6819444444444442,0.0,0.4263888888888889,0.0,0.0,0.0
2026-07-02,5.070277777777778,0.6941666666666667,2.3513888888888888,0.0,1.2466666666666668,0.0,0.0,0.0
2026-07-03,4.241666666666667,0.8366666666666667,1.3052777777777778,0.0,0.7530555555555556,0.0,0.0,0.0
2026-07-04,4.451388888888889,0.6275,2.3930555555555557,0.0,0.9786111111111111,0.0,0.0,0.0
2026-07-05,4.660277777777778,0.7027777777777777,2.585277777777778,0.0,0.41000000000000003,0.0,0.0,0.0
2026-07-07,3.5805555555555557,0.32666666666666666,1.0041666666666667,0.0,0.5855555555555555,0.0,0.0,0.0
2026-07-08,4.174722222222222,1.0877777777777777,1.5391666666666668,0.0,1.2552777777777777,0.0,0.0,0.0
2026-07-09,4.768888888888889,0.9619444444444444,0.7030555555555555,0.0,2.359166666666667,0.0,0.0,0.0
2026-07-10,4.836388888888889,0.4686111111111111,1.3805555555555555,0.0,2.225,0.0,0.0,0.0
2026-07-11,0.0,0.0,0.0,1.3805555555555555,0.06694444444444445,0.0,0.0,0.0
2026-07-12,3.756666666666667,0.5605555555555556,1.254722222222222,0.0,1.6905555555555556,0.0,0.0,0.0
2026-07-14,5.188055555555556,0.543611111111111,1.205,0.0,1.4305555555555556,0.0,0.0,0.0
2026-07-15,4.434444444444444,0.5519444444444445,1.0875000000000001,0.0,1.096111111111111,0.0,0.0,0.0
2026-07-16,3.9830555555555556,0.8447222222222222,1.2716666666666665,0.0,1.8066666666666664,0.0,0.0,0.0
2026-07-17,3.806111111111111,0.518888888888889,1.1633333333333333,0.0,3.4136111111111114,0.0,0.0,0.0
2026-07-18,5.228611111111111,1.2633333333333334,1.2883333333333333,0.0,0.5777777777777777,0.0,0.0,0.0
2026-07-21,5.329166666666667,0.7783333333333333,3.2633333333333336,0.0,1.0705555555555555,0.0,0.0,0.0
2026-07-22,4.626111111111111,0.6863888888888889,2.4519444444444445,0.0,1.4894444444444446,0.0,0.0,0.0
2026-07-23,5.296388888888889,0.7616666666666667,2.51,0.0,1.0791666666666666,0.0,0.0,0.0
2026-07-24,5.731111111111111,1.1044444444444443,1.4561111111111111,0.0,1.1294444444444445,0.0,0.0,0.0
2026-07-26,4.501388888888889,0.3847222222222222,1.3138888888888889,0.0,1.0708333333333333,0.0,0.0,0.0
2026-07-27,5.463333333333334,0.10888888888888888,1.9994444444444444,0.0,0.9875,0.0,0.0,0.0
2026-07-28,4.468055555555556,0.7444444444444445,2.2675,0.0,1.096111111111111,0.0,0.0,0.0
2026-07-29,4.267222222222222,0.6444444444444444,2.1169444444444445,0.0,1.2380555555555555,0.0,0.0,0.0
2026-07-30,5.455,0.7361111111111112,2.133888888888889,0.0,1.413888888888889,0.0,0.0,0.0
2026-07-31,5.1125,0.40166666666666667,2.643888888888889,0.0,1.0705555555555555,0.0,0.0,0.0
2026-08-01,5.446666666666666,0.8783333333333333,1.7241666666666666,0.0,0.8866666666666667,0.0,0.0,0.0
2026-08-02,4.694444444444445,0.845,2.0997222222222223,0.0,0.3511111111111111,0.0,0.0,0.0
2026-08-03,4.535277777777778,0.4436111111111111,2.141388888888889,0.0,1.7069444444444444,0.0,0.0,0.0
2026-08-04,4.751666666666667,0.49388888888888893,2.359166666666667,0.0,1.105,0.0,0.0,0.0
2026-08-05,4.794444444444444,0.6858333333333334,1.7908333333333335,0.0,0.6438888888888888,0.0,0.0,0.0
2026-08-06,4.760277777777778,0.9288888888888889,2.7530555555555556,0.0,0.6608333333333334,0.0,0.0,0.0
2026-08-07,3.9652777777777777,0.7363888888888889,1.7319444444444445,0.0,0.8538888888888889,0.0,0.0,0.0
2026-08-10,5.922777777777778,0.5105555555555555,0.15888888888888889,0.0,4.401388888888889,0.0,0.0,0.0
2026-08-11,3.9080555555555554,0.5772222222222222,0.8619444444444444,0.0,2.517777777777778,0.0,0.0,0.0
2026-08-12,4.033055555555555,0.6777777777777778,0.41833333333333333,0.0,2.2669444444444444,0.0,0.0,0.0
2026-08-13,4.3933333333333335,0.6944444444444444,1.4391666666666667,0.0,1.2291666666666667,0.0,0.0,0.0
2026-08-14,3.9158333333333335,0.6441666666666667,1.4475,0.0,1.0627777777777778,0.0,0.0,0.0
2026-08-15,4.316666666666666,0.42694444444444446,1.7819444444444446,0.0,0.7033333333333334,0.0,0.0,0.0
2026-08-16,3.991111111111111,0.5019444444444444,2.016388888888889,0.0,1.0711111111111111,0.0,0.0,0.0
2026-08-17,4.166944444444445,0.47638888888888886,1.6905555555555556,0.0,0.8866666666666667,0.0,0.0,0.0
2026-08-18,5.154166666666667,0.4936111111111111,1.5230555555555556,0.0,1.8988888888888888,0.0,0.0,0.0
